AGNname,center,galaxyName,environment,degreesJ2000RA_DecAGN,degreesJ2000RA_DecGalaxy,likelihood,likelihood_1.5,virialRadius,d^1.5,impactParameter (kpc),redshiftDistances,vcorrGalaxy (km/s),radialVelocity (km/s),vel_diff,distGalaxy (Mpc),AGN S/N,majorAxis (kpc),minorAxis (kpc),inclination (deg),positionAngle (deg),azimuth (deg),RC3flag,RC3type,RC3inc (deg),RC3pa (deg),morphology,final_morphology,galaxyRedshift,AGNredshift,spectrumStatus,include,include_vir,include_custom,Lya_v,vlimits,Lya_W,Na,b,identified,comment
1H0717+714,2870,UGC03804,1,"('110.472083333', '71.3433333333')","(110.64454, 71.59894)",0.23582066635908205,0.13766876065261283,172.76942993194695,147.36905713208589,207.14029038228333,x,2972.8,2887.0,17.0,45.4,x,27.9,16.7,53.1,5.0,7.2,UGC3804,.S..6*.,52.9,13.0,Scd:,Scd:,0.00963,0.5003,SP,?,True,True,2870,"2760, 2960",343pm6,9.25E13 pm 1.97E12,57.1pm 1.7,d:Lya,"blended with 2956, center is 2860; p : ONLY 1 GALAXY : ONLY 1 GALAXY : ONLY 1 GALAXY"
1H0717+714,2956,UGC03804,1,"('110.472083333', '71.3433333333')","(110.64454, 71.59894)",0.21087628359772,0.12310658375344277,172.76942993194695,147.36905713208589,207.14029038228333,x,2972.8,2887.0,-69.0,45.4,x,27.9,16.7,53.1,5.0,7.2,UGC3804,.S..6*.,52.9,13.0,Scd:,Scd:,0.00963,0.5003,SP,?,True,True,2956,"2954, 3022",39pm4,7.94E12 pm 8.35E11,24.4pm 2.4,d:Lya,"d:Lya labeled at 2956, center is 2988, blended with 2870 - needs fitting; p : ONLY 1 GALAXY : ONLY 1 GALAXY : ONLY 1 GALAXY"
1H0717+714,3839.0,x,0,"('110.47208', '71.34333')","('x', 'x')",-99,-99,-99,-99,x,x,x,x,x,x,,x,x,x,x,x,x,x,x,x,x,x,x,0.5003,SP,False,False,False,3839,"3785, 3905",45pm5,8.76E12 pm 1.04E12,41.2pm 2.5,d:Lya,"d:Lya labeled at 3839 - seems wrong, weak; p : NO GALAXIES : NO GALAXIES : NO GALAXIES"
1H0717+714,5292.0,x,0,"('110.47208', '71.34333')","('x', 'x')",-99,-99,-99,-99,x,x,x,x,x,x,,x,x,x,x,x,x,x,x,x,x,x,x,0.5003,SP,False,False,False,5292,"5223, 5339",46pm5,8.88E12 pm 9.27E11,41.0pm 2.5,d:Lya,"center is 5281, no galaxy with b<2000kpc at this velocity : NO GALAXIES : NO GALAXIES : NO GALAXIES"
1H0717+714,6271.0,x,0,"('110.47208', '71.34333')","('x', 'x')",-99,-99,-99,-99,x,x,x,x,x,x,,x,x,x,x,x,x,x,x,x,x,x,x,0.5003,SP,False,False,False,6271,"6219, 6335",150pm4,3.51E13 pm 1.18E12,35.6pm 2.1,d:Lya,"center is 6277, no galaxy with b<2000kpc at this velocity : NO GALAXIES : NO GALAXIES : NO GALAXIES"
1H0717+714,7795.0,x,0,"('110.47208', '71.34333')","('x', 'x')",-99,-99,-99,-99,x,x,x,x,x,x,,x,x,x,x,x,x,x,x,x,x,x,x,0.5003,SP,False,False,False,7795,"7768, 7836",49pm3,1.00E13 pm 7.06E11,24.4pm 2.0,d:Lya,"center is 7802, no galaxy with b<2000kpc at this velocity : NO GALAXIES : NO GALAXIES : NO GALAXIES"
2dFGRS_S393Z082,1239,NGC1097,7,"('41.2533333333', '-30.1230555556')","(41.57937, -30.27489)",1.6481140093399396,1.801897729949849,273.1866721110562,399.0239190825533,111.94507536965769,x,1029.8,1271.0,32.0,20.038,x,54.2,36.7,47.4,x,11.7,NGC1097,.SBS3..,47.5,130.0,(R'_1:)SB(r'l)bSy1,(R'_1:)SB(r'l)bSy1,0.00424,0.34,NP,?,True,True,1239,"1145, 1339",570pm21,2.16E14 pm 2.11E13,62.9pm 1.8,done,"center is 1242, original name = TGS393Z082"
2dFGRS_S393Z082,3012.0,x,0,"('41.25333', '-30.12306')","('x', 'x')",-99,-99,-99,-99,x,x,x,x,x,x,,x,x,x,x,x,x,x,x,x,x,x,x,0.34,NP,False,False,False,3012,"2970, 3028",52pm13,1.13E13 pm 3.22E12,20.7pm 2.6,done,center is 2999 : NO GALAXIES : NO GALAXIES : NO GALAXIES
2dFGRS_S393Z082,4052.0,x,0,"('41.25333', '-30.12306')","('x', 'x')",-99,-99,-99,-99,x,x,x,x,x,x,,x,x,x,x,x,x,x,x,x,x,x,x,0.34,NP,False,False,False,4052,"4003, 4055",36pm13,7.41E12 pm 2.81E12,18.7pm 2.7,done,center is 4029 : NO GALAXIES : NO GALAXIES : NO GALAXIES
3C273.0,1013,NGC4517,10,"('187.277916667', '2.05222222222')","(188.18996, 0.11503)",0.02026506054260498,0.01650544251908328,193.17590350324986,187.84981235018572,364.9047325634989,x,1420.4,1128.0,115.0,9.765,x,32.8,4.1,82.7,x,71.8,NGC4517,.SAS6*/,81.5,83.0,SA(s)cd: sp    HII,SA(s)cd: sp    HII,0.003764,0.1583,SP,?,False,True,1013,"910, 1116",376pm3,1.33E14 pm 1.07E12,44.5pm 2.3,Lya,"strong, I measure center at 1010, near NGC4536 - see Lya:1582; p : VIRIAL AND CUSTOM INCLUDE MISMATCH : VIRIAL AND CUSTOM INCLUDE MISMATCH : VIRIAL AND CUSTOM INCLUDE MISMATCH"
3C273.0,1582,NGC4527,12,"('187.277916667', '2.05222222222')","(188.53509, 2.65366)",0.02027429497893935,0.02173283528967769,199.62977872021068,201.76120538894486,362.94766065338086,x,2031.0,1736.0,154.0,14.932,x,34.4,11.7,70.1,70.0,5.6,NGC4527,.SXS4..,70.2,67.0,SAB(s)bc;HII   LINER,SAB(s)bc;HII   LINER,0.005791,0.1583,SP,?,False,False,1582,"1482, 1720",375pm3,1.44E14 pm 1.09E12,44.3pm 2.7,Lya,"UGC07612 also nearby, double labels, center is 1601, originally yes - changed to no on 6/18/15; p : VIRIAL AND CUSTOM INCLUDE MISMATCH : VIRIAL AND CUSTOM INCLUDE MISMATCH"
3C273.0,2156,NGC4536,4,"('187.277916667', '2.05222222222')","(188.61271, 2.18814)",0.0018018574642347776,0.0017871991548049186,197.62313832387832,197.37836507581068,358.5287462065813,x,2102.6,1808.0,-348.0,15.321,x,33.9,14.3,65.1,x,45.8,NGC4536,.SXT4..,64.7,130.0,SAB(rs)bc;HII  Sbrst,SAB(rs)bc;HII  Sbrst,0.006031,0.1583,SP,?,False,False,2156,"2088, 2248",57pm2,1.09E13 pm 5.00E11,61.1pm 2.7,"Lya, d:INSTR","weak, center is 2168, double labels; p : VIRIAL AND CUSTOM INCLUDE MISMATCH : VIRIAL AND CUSTOM INCLUDE MISMATCH"
3C273.0,2298,2MASXJ12281585+0242025,2,"('187.277916667', '2.05222222222')","(187.06619, 2.70083)",1.9142890135898e-12,6.7165309873106185e-90,83.34364623140944,30.210478314651024,432.8904193114182,x,2581.2,2286.0,-12.0,36.35528125,x,9.7,5.5,55.9,40.0,58.1,0,x,x,x,x,x,0.007626,0.1583,SP,?,False,False,2298,"2248, 2344",31pm2,5.99E12 pm 3.51E11,36.4pm 1.9,"Lya, d:INSTR","weak, center is 2296, double labels; p : VIRIAL AND CUSTOM INCLUDE MISMATCH : VIRIAL AND CUSTOM INCLUDE MISMATCH : VIRIAL AND CUSTOM INCLUDE MISMATCH"
3C273.0,7862.0,x,0,"('187.27792', '2.05222')","('x', 'x')",-99,-99,-99,-99,x,x,x,x,x,x,,x,x,x,x,x,x,x,x,x,x,x,x,0.1583,SP,False,False,False,7862,"7810, 7912",42pm1,8.34E12 pm 3.04E11,30.9pm 2.9,"Lya, d:Lya",center is 7861 : NO GALAXIES : NO GALAXIES : NO GALAXIES
3C273.0,8832,SDSSJ122929.52+021150.4,2,"('187.277916667', '2.05222222222')","(187.373, 2.19736)",0.00015902820603093967,4.276151049120094e-07,152.12013759814235,111.7459976911925,400.66850170061275,x,9395.7,9101.0,269.0,132.3342728,x,23.2,12.1,58.7,144.0,69.2,0,x,x,x,x,x,0.030358,0.1583,SP,?,False,False,8832,"8738, 8922",139pm2,2.96E13 pm 4.10E11,51.9pm 2.1,"Lya, d:Lya",center is 8830 : ONLY 1 GALAXY : VIRIAL AND CUSTOM INCLUDE MISMATCH : VIRIAL AND CUSTOM INCLUDE MISMATCH
3C273.0,9832,SDSSJ122830.42+020630.6,1,"('187.277916667', '2.05222222222')","(187.12675, 2.1085)",7.53806809336584e-08,1.165487033860059e-36,99.28140372874765,44.19417382415922,401.9792324327864,x,10143.7,9849.0,17.0,142.8684023,x,12.5,10.8,29.9,x,x,0,x,x,x,x,x,0.032853,0.1583,SP,?,False,False,9832,"9782, 9884",40pm2,7.77E12 pm 3.14E11,30.9pm 2.8,"Lya, d:Lya",center is 9833 : ONLY 1 GALAXY : ONLY 1 GALAXY : ONLY 1 GALAXY
3C351.0,3481,NGC6310,5,"('256.1725', '60.7419444444')","(256.98946, 60.99017)",0.014659193926399814,0.016293191548394738,200.0300187226492,202.64161714712012,406.34105923143954,x,3525.7,3419.0,-62.0,49.65828781,x,34.5,8.3,76.1,70.0,11.9,NGC6310,.S..3*/,77.7,69.0,Sb: sp,Sb: sp,0.011405,0.3719,SP,?,False,True,3481,"3372, 3520",145pm15,3.19E13 pm 3.76E12,49.0pm 3.2,Lya,"Lya labeled at 3481, I measure 3446. Lots of large galaxies around : VIRIAL AND CUSTOM INCLUDE MISMATCH : VIRIAL AND CUSTOM INCLUDE MISMATCH : VIRIAL AND CUSTOM INCLUDE MISMATCH"
3C351.0,3614,MRK0892,4,"('256.1725', '60.7419444444')","(256.56603, 60.7052)",0.043866571577592404,3.0800763071698713e-07,101.46281332368314,46.332375289855364,179.40214172225575,x,3725.0,3617.0,3.0,52.46477936,x,12.9,6.7,58.7,170.0,69.2,0,x,x,x,Pair,Pair,0.012064,0.3719,SP,?,True,False,3614,"3539, 3677",194pm13,4.93E13 pm 4.09E12,39.3pm 2.3,Lya,"Lya labeled at 3614, I measure 3608. Too many large galaxies nearby : VIRIAL AND CUSTOM INCLUDE MISMATCH : VIRIAL VS CUSTOM RESULT MISMATCH : VIRIAL AND CUSTOM INCLUDE MISMATCH"
3C351.0,3614,MRK0892,4,"('256.1725', '60.7419444444')","(256.56603, 60.7052)",0.043866571577592404,3.0800763071698713e-07,101.46281332368314,46.332375289855364,179.40214172225575,x,3725.0,3617.0,3.0,52.46477936,x,12.9,6.7,58.7,170.0,69.2,0,x,x,x,Pair,Pair,0.012064,0.3719,SP,?,True,False,3614,"3539, 3677",194pm13,4.93E13 pm 4.09E12,39.3pm 2.3,Lya,"Lya labeled at 3614, I measure 3608. Too many large galaxies nearby : VIRIAL AND CUSTOM INCLUDE MISMATCH : VIRIAL VS CUSTOM RESULT MISMATCH : VIRIAL AND CUSTOM INCLUDE MISMATCH"
3C351.0,5192.0,x,0,"('256.1725', '60.74194')","('x', 'x')",-99,-99,-99,-99,x,x,x,x,x,x,,x,x,x,x,x,x,x,x,x,x,x,x,0.3719,SP,False,False,False,5192,"5118, 5266",206pm11,5.12E13 pm 3.33E12,44.5pm 2.7,Lya,Lya labeled at 5192. SDSSJ170349.45+601806.1 at b=589kpc : NO GALAXIES : NO GALAXIES : NO GALAXIES
3C351.0,7192,SDSSJ170325.13+603944.4,1,"('256.1725', '60.7419444444')","(255.85472, 60.66234)",0.0006413785092115918,7.582021012855721e-12,116.19053733842989,62.208464054339096,314.6810178333171,x,7327.7,7218.0,26.0,103.2071228,x,15.7,11.3,43.9,87.0,24.1,0,x,x,x,x,x,0.024078,0.3719,SP,?,False,False,7192,"7104, 7216",63pm11,1.29E13 pm 2.43E12,32.8pm 6.2,Lya,"Lya labeled at 7192, I measure 7160 : ONLY 1 GALAXY : ONLY 1 GALAXY : ONLY 1 GALAXY"
3C66A,4303.0,x,0,"('35.665', '43.03556')","('x', 'x')",-99,-99,-99,-99,x,x,x,x,x,x,,x,x,x,x,x,x,x,x,x,x,x,x,0.444,SP,False,False,False,4303,"4282, 4324",24pm4,4.93E12 pm 9.03E11,15.6pm 2.1,d:X,"weak, labeled d:X?, center is 4303 : NO GALAXIES : NO GALAXIES : NO GALAXIES"
3C66A,5965,UGC01832,2,"('35.665', '43.0355555556')","(35.62966, 43.0653)",1.7173392710310347,1.7066913479225643,191.95503981081367,185.27850657860992,55.88860002711344,x,5771.7,5913.0,-52.0,81.29213857,x,32.5,13.6,65.2,155.0,16.0,UGC1832,.S..1..,64.1,163.0,Sa,Sa,0.019724,0.444,SP,?,True,True,5965,"5940, 6026",53pm6,1.11E13 pm 1.27E12,26.3pm 2.6,d:Lya,"weak, blended with Mgll, center is 5983, near UGC01841; p : VIRIAL AND CUSTOM INCLUDE MISMATCH"
3C66A,6076,UGC01832,3,"('35.665', '43.0355555556')","(35.62966, 43.0653)",0.9456820721557543,0.9398186122330519,191.95503981081367,185.27850657860992,55.88860002711344,x,5771.7,5913.0,-163.0,81.29213857,x,32.5,13.6,65.2,155.0,16.0,UGC1832,.S..1..,64.1,163.0,Sa,Sa,0.019724,0.444,SP,?,True,False,6076,"6044, 6122",27pm6,5.20E12 pm 1.13E12,26.7pm 3.3,d:Lya,"weak, blended with Mgll, center is 6083, near UGC01841; p : VIRIAL AND CUSTOM INCLUDE MISMATCH : VIRIAL AND CUSTOM INCLUDE MISMATCH : VIRIAL AND CUSTOM INCLUDE MISMATCH"
3C66A,8180.0,x,0,"('35.665', '43.03556')","('x', 'x')",-99,-99,-99,-99,x,x,x,x,x,x,,x,x,x,x,x,x,x,x,x,x,x,x,0.444,SP,False,False,False,8180,"8138, 8258",118pm6,2.76E13 pm 1.53E12,30.3pm 2.9,d:Lya,"center is 8198, no galaxies within 1000 kpc : NO GALAXIES : NO GALAXIES : NO GALAXIES"
CSO395,966,UGC07207,9,"('182.810833333', '36.9608333333')","(183.07817, 37.01481)",0.8673477377282371,0.04051143474221701,103.08512752743847,47.95798160890426,83.41857703750026,x,1324.4,1051.0,85.0,21.700001,x,13.2,6.5,60.7,x,x,0,x,x,x,IB(s)m V,IB(s)m V,0.003506,0.169,DG,?,True,False,966,"886, 984",194pm14,5.70E13 pm 5.91E12,30.6pm 6.6,"f:Lya, working",center is 935 : VIRIAL AND CUSTOM INCLUDE MISMATCH : VIRIAL AND CUSTOM INCLUDE MISMATCH : VIRIAL AND CUSTOM INCLUDE MISMATCH
CSO395,1025,UGC07207,8,"('182.810833333', '36.9608333333')","(183.07817, 37.01481)",1.021640530974355,0.04771802807600048,103.08512752743847,47.95798160890426,83.41857703750026,x,1324.4,1051.0,26.0,21.700001,x,13.2,6.5,60.7,x,x,0,x,x,x,IB(s)m V,IB(s)m V,0.003506,0.169,DG,?,True,False,1025,"974, 1120",343pm15,1.21E14 pm 9.85E12,41.6pm 4.1,"f:Lya, working",center is 1047 : VIRIAL AND CUSTOM INCLUDE MISMATCH : VIRIAL AND CUSTOM INCLUDE MISMATCH : VIRIAL AND CUSTOM INCLUDE MISMATCH
H1101-232,1188,NGC3513,3,"('165.907083333', '-23.4919444444')","(165.942, -23.2455)",1.6985841370009014,1.3989520873340153,141.54708741853955,95.54752220753817,57.05105132446074,x,1418.6,1194.0,6.0,13.153,x,20.9,7.9,67.7,120.0,67.4,NGC3513,.SBT5..,37.4,75.0,SB(s)c         HII,SB(s)c         HII,0.003983,0.186,SP,?,False,False,1188,"1056, 1298",633pm20,2.39E14 pm 1.65E13,69.4pm 2.1,d:Lya,"center is 1177, two large galaxies very nearby: NGC3511 and NGC3513 : VIRIAL AND CUSTOM INCLUDE MISMATCH : VIRIAL AND CUSTOM INCLUDE MISMATCH : VIRIAL AND CUSTOM INCLUDE MISMATCH"
H1101-232,3580,MCG-04-26-019,2,"('165.907083333', '-23.4919444444')","(165.70883, -23.59161)",0.32579109331441886,0.21781507610049897,172.76942993194695,147.36905713208589,179.1539783506431,x,3846.2,3623.0,43.0,49.52,x,27.9,11.7,65.2,35.0,26.3,ESO502-G12,PSXT2..,59.1,30.0,(R:)SA:(s)ab   HII,(R:)SA:(s)ab   HII,0.012086,0.186,SP,?,True,True,3580,"3466, 3710",573pm12,2.67E14 pm 1.50E13,57.3pm 1.9,d:Lya,"strong, center is 3588, blended with H2:1, OVI?; p"
H1101-232,5995.0,x,0,"('165.90708', '-23.49194')","('x', 'x')",-99,-99,-99,-99,x,x,x,x,x,x,,x,x,x,x,x,x,x,x,x,x,x,x,0.186,SP,False,False,False,5995,"5938, 6026",46pm9,9.22E12 pm 1.94E12,30.4pm 2.4,d:Lya,"center is 5982, blended with MgII : NO GALAXIES : NO GALAXIES : NO GALAXIES"
HE0238-1904,1625,MCG-03-07-044,1,"('40.1358333333', '-18.8641666667')","(39.54871, -20.167)",4.81611330691149e-17,1.6762091868751833e-186,69.78985110024306,20.53959590644373,424.52630259750885,x,1220.1,1474.0,-151.0,17.18389701,x,7.5,4.5,53.1,x,11.9,ESO545-G40,.LAT0?.,53.9,35.0,SA(rs)0^0^?,SA(rs)0^0^?,0.004917,0.631,SP,?,False,False,1625,"1563, 1651",30pm6,5.83E12 pm 1.20E12,30.0pm 5.7,d:Lya,"d:Lya labeled at 1625, I measure 1607 : NO GALAXIES : ONLY 1 GALAXY : ONLY 1 GALAXY"
HE0238-1904,2177.0,x,0,"('40.13583', '-18.86417')","('x', 'x')",-99,-99,-99,-99,x,x,x,x,x,x,,x,x,x,x,x,x,x,x,x,x,x,x,0.631,SP,False,False,False,2177,"2102, 2204",31pm5,5.97E12 pm 1.03E12,35.9pm 2.4,d:Lya,"d:Lya labeled at 2177, I measure 2153. No galaxies nearby : NO GALAXIES : NO GALAXIES : NO GALAXIES"
HE0238-1904,2517.0,x,0,"('40.13583', '-18.86417')","('x', 'x')",-99,-99,-99,-99,x,x,x,x,x,x,,x,x,x,x,x,x,x,x,x,x,x,x,0.631,SP,False,False,False,2517,"2407, 2635",109pm8,2.16E13 pm 1.65E12,74.3pm 3.4,d:Lya,"d:Lya labeled at 2517, I measure 2521. No galaxies nearby : NO GALAXIES : NO GALAXIES : NO GALAXIES"
HE0238-1904,2961.0,x,0,"('40.13583', '-18.86417')","('x', 'x')",-99,-99,-99,-99,x,x,x,x,x,x,,x,x,x,x,x,x,x,x,x,x,x,x,0.631,SP,False,False,False,2961,"2862, 3052",65pm7,1.25E13 pm 1.37E12,66.6pm 3.3,d:Lya,"d:Lya labeled at 2961, I measure 2957. No galaxies nearby : NO GALAXIES : NO GALAXIES : NO GALAXIES"
HE0238-1904,4631.0,x,0,"('40.13583', '-18.86417')","('x', 'x')",-99,-99,-99,-99,x,x,x,x,x,x,,x,x,x,x,x,x,x,x,x,x,x,x,0.631,SP,False,False,False,4631,"4508, 4672",147pm5,3.20E13 pm 1.12E12,54.7pm 3.6,d:Lya,"d:Lya labeled at 4631, I measure 4590. No galaxies nearby : NO GALAXIES : NO GALAXIES : NO GALAXIES"
HE1228+0131,1488,NGC4517,16,"('187.708333333', '1.25583333333')","(188.18996, 0.11503)",0.011872411747492888,0.011084827944276685,193.17590350324986,187.84981235018572,211.04305321287998,x,1420.4,1128.0,-360.0,9.765,x,32.8,4.1,82.7,x,74.1,NGC4517,.SAS6*/,81.5,83.0,SA(s)cd: sp    HII,SA(s)cd: sp    HII,0.003764,0.117,SP,?,False,False,1488,"1440, 1550",144pm3,3.60E13 pm 7.74E11,29.0pm 3.5,"d:Lya,Lya","d:Lya & Lya labeled at 1988 - I measure 1495 center, near NGC4517, 3C273.0; p : VIRIAL AND CUSTOM INCLUDE MISMATCH : VIRIAL AND CUSTOM INCLUDE MISMATCH"
HE1228+0131,1556,NGC4536,12,"('187.708333333', '1.25583333333')","(188.61271, 2.18814)",0.009325217054470921,0.009254037165120334,197.62313832387832,197.37836507581068,347.24545114875826,x,2102.6,1808.0,252.0,15.321,x,33.9,14.3,65.1,x,85.9,NGC4536,.SXT4..,64.7,130.0,SAB(rs)bc;HII  Sbrst,SAB(rs)bc;HII  Sbrst,0.006031,0.117,SP,?,False,False,1556,"1550, 1600",20pm2,3.86E12 pm 4.10E11,19.7pm 1.7,d:Lya,"d:Lya labeled at 1556 - I measure 1575, weak near NGC4517A, 3C273.0; p : VIRIAL AND CUSTOM INCLUDE MISMATCH : VIRIAL AND CUSTOM INCLUDE MISMATCH"
HE1228+0131,1707,NGC4536,10,"('187.708333333', '1.25583333333')","(188.61271, 2.18814)",0.035349959331095075,0.03508013116741403,197.62313832387832,197.37836507581068,347.24545114875826,x,2102.6,1808.0,101.0,15.321,x,33.9,14.3,65.1,x,85.9,NGC4536,.SXT4..,64.7,130.0,SAB(rs)bc;HII  Sbrst,SAB(rs)bc;HII  Sbrst,0.006031,0.117,SP,?,False,False,1707,"1600, 1814",598pm3,3.10E14 pm 3.61E12,56.2pm 1.9,"d:Lya, Lya","d:Lya near to Lya:1854(1575), near NGC4517, 3C273.0; p : VIRIAL AND CUSTOM INCLUDE MISMATCH : VIRIAL AND CUSTOM INCLUDE MISMATCH"
HE1228+0131,1854,NGC4536,10,"('187.708333333', '1.25583333333')","(188.61271, 2.18814)",0.0432683855243486,0.0429381155825326,197.62313832387832,197.37836507581068,347.24545114875826,x,2102.6,1808.0,-46.0,15.321,x,33.9,14.3,65.1,x,85.9,NGC4536,.SXT4..,64.7,130.0,SAB(rs)bc;HII  Sbrst,SAB(rs)bc;HII  Sbrst,0.006031,0.117,SP,?,True,False,1854,"1814, 1906",68pm3,1.39E13 pm 5.91E11,33.3pm 3.2,d:Lya,"d:Lya labeled at 1854 - I measure 1860, near to with Lya:1709, near both NGC4517A and NGC4536, 3C273.0; p : VIRIAL AND CUSTOM INCLUDE MISMATCH : VIRIAL AND CUSTOM INCLUDE MISMATCH : VIRIAL AND CUSTOM INCLUDE MISMATCH"
HE1228+0131,2311,UGC07625,5,"('187.708333333', '1.25583333333')","(187.38654, 0.83964)",8.897106899308688e-07,7.310628277278678e-41,88.0279557279243,34.02388866664127,326.82142922104583,x,2527.3,2234.0,-77.0,35.59613696,x,10.5,1.3,82.6,x,x,0,x,x,x,Sd(f),Sd(f),0.007452,0.117,SP,?,False,False,2311,"2222, 2400",343pm3,1.27E14 pm 1.44E12,38.9pm 2.5,"d:Lya, Lya","near UGC07625 and IC3474, 3C273.0, center is 2311; p : VIRIAL AND CUSTOM INCLUDE MISMATCH : VIRIAL AND CUSTOM INCLUDE MISMATCH"
HE1228+0131,5000.0,x,0,"('187.70833', '1.25583')","('x', 'x')",-99,-99,-99,-99,x,x,x,x,x,x,,x,x,x,x,x,x,x,x,x,x,x,x,0.117,SP,False,False,False,5000,"4942, 5058",20pm3,3.81E12 pm 5.19E11,41.4pm 2.7,d:Lya,"d:Lya labeled at 4991, I measure 5000, very weak : NO GALAXIES : NO GALAXIES : NO GALAXIES"
HE1228+0131,7551.0,x,0,"('187.70833', '1.25583')","('x', 'x')",-99,-99,-99,-99,x,x,x,x,x,x,x,x,x,x,x,x,x,x,x,x,x,x,x,0.117,SP,False,False,False,7551,"7498, 7622",63pm3,1.28E13 pm 5.77E11,36.1pm 2.6,d:Lya,"d:Lya labeled at 7551, I measure 7560 : VIRIAL AND CUSTOM INCLUDE MISMATCH : NO GALAXIES : NO GALAXIES"
HE1228+0131,9239,2MASXJ12303439+0116243,1,"('187.708333333', '1.25583333333')","(187.64345, 1.27345)",0.1770175767868295,0.009721852046163158,126.70384711653799,75.0982822706352,158.8356035199507,x,9612.8,9319.0,80.0,135.3912178,x,17.8,15.7,28.3,45.0,60.2,0,x,x,x,x,x,0.031084,0.117,SP,?,True,False,9239,"9140, 9308",249pm3,6.04E13 pm 7.84E11,53.1pm 2.2,"Lya, d:Lya","Lya labeled at 9239, d:Lya at 9235 _ I measure 9224, far away, but the only galaxy in field : ONLY 1 GALAXY : ONLY 1 GALAXY : ONLY 1 GALAXY"
IRAS_Z06229-6434,1279,UMaDwarf,1,"('95.7820833333', '-64.6052777778')","(158.72, 51.92)",-99,-99,-99,-99,222.48202199394586,x,1313.0,1101.0,-178.0,0.101,x,x,x,x,x,x,0,x,x,x,dSph,dSph,0.003673,0.1289,SP,?,False,False,1279,"1235, 1325",64pm7,1.31E13 pm 1.59E12,30.3pm 2.3,d:Lya,"center is 1280, only HIPASSJ0608-63 at 1554 km/s with b = 736 kpc : NO GALAXIES : ONLY 1 GALAXY : ONLY 1 GALAXY"
IRAS_Z06229-6434,3689.0,x,0,"('95.78208', '-64.60528')","('x', 'x')",-99,-99,-99,-99,x,x,x,x,x,x,,x,x,x,x,x,x,x,x,x,x,x,x,0.1289,SP,False,False,False,3689,"3595, 3755",284pm6,8.98E13 pm 2.51E12,39.0pm 2.6,d:Lya,"center is 3675, no galaxies within 1000 km/s and 800 km/s : NO GALAXIES : NO GALAXIES : NO GALAXIES"
MRC2251-178,2258,MCG-03-58-014,1,"('343.524583333', '-17.5819444444')","(344.36012, -17.88558)",2.9610421950163116e-19,7.729531346176164e-264,63.897713172478895,16.95570700383797,417.34232851586114,x,1993.2,2271.0,13.0,28.07265578,x,6.6,3.7,55.9,105.0,5.9,0,x,x,x,Sa,Sa,0.007575,0.0661,SP,?,False,False,2258,"2202, 2330",80pm5,1.62E13 pm 1.18E12,42.1pm 2.0,"Lya, d:Lya","Lya labeled at 2258, d:Lya at 2283, center is 2266 : ONLY 1 GALAXY : ONLY 1 GALAXY : ONLY 1 GALAXY"
MRC2251-178,3042,HIPASSJ2254-18,3,"('343.524583333', '-17.5819444444')","(343.6474, -18.00054)",0.0002879489888114979,1.2594173233189808e-10,121.74843978037151,68.8595091472485,319.5079499808847,x,2990.5,3267.0,225.0,42.12023615,x,16.8,10.1,53.1,40.0,55.6,ESO603-G27,.IBS9..,52.9,40.0,IB(s)m,IB(s)m,0.010898,0.0661,SP,?,False,False,3042,"3002, 3116",67pm5,1.33E13 pm 1.01E12,43.2pm 2.7,"Lya, d:Lya","Lya labeled at 3042, d:Lya at 3055, center is 3059 : VIRIAL AND CUSTOM INCLUDE MISMATCH : VIRIAL AND CUSTOM INCLUDE MISMATCH : VIRIAL AND CUSTOM INCLUDE MISMATCH"
MRC2251-178,3203,HIPASSJ2254-18,3,"('343.524583333', '-17.5819444444')","(343.6474, -18.00054)",0.0009215051283053238,4.030434442243345e-10,121.74843978037151,68.8595091472485,319.5079499808847,x,2990.5,3267.0,64.0,42.12023615,x,16.8,10.1,53.1,40.0,55.6,ESO603-G27,.IBS9..,52.9,40.0,IB(s)m,IB(s)m,0.010898,0.0661,SP,?,False,False,3203,"3120, 3326",332pm5,9.28E13 pm 1.83E12,52.7pm 2.4,"Lya, d:Lya","Lya labeled at 3203, d:Lya at 3218, center is 3223 : VIRIAL AND CUSTOM INCLUDE MISMATCH : VIRIAL AND CUSTOM INCLUDE MISMATCH : VIRIAL AND CUSTOM INCLUDE MISMATCH"
MRC2251-178,4373.0,x,0,"('343.52458', '-17.58194')","('x', 'x')",-99,-99,-99,-99,x,x,x,x,x,x,29,x,x,x,x,x,x,x,x,x,x,x,x,0.0661,SP,False,False,False,4373,"4308, 4376",22pm3,4.36E12 pm 6.54E11,22.4pm 3.0,Lya,"Lya labeled at 4323, d:INSTR labeled at 4362.5, center is 4342 : NO GALAXIES : NO GALAXIES : NO GALAXIES"
MRC2251-178,4710.0,x,0,"('343.52458', '-17.58194')","('x', 'x')",-99,-99,-99,-99,x,x,x,x,x,x,29,x,x,x,x,x,x,x,x,x,x,x,x,0.0661,SP,False,False,False,4710,"4667, 4719",23pm3,4.51E12 pm 6.80E11,16.2pm 3.9,d:Lya,"d:Lya labeled at 4710, center is 4693 : NO GALAXIES : NO GALAXIES : NO GALAXIES"
MRC2251-178,9051,MCG-03-58-009,1,"('343.524583333', '-17.5819444444')","(343.42021, -17.47889)",0.3617590727489039,1.4260175592519382,319.1465428136347,559.5058882621345,320.06306568923253,x,8753.8,9030.0,-21.0,128.0,x,67.9,35.3,58.7,175.0,39.0,ESO603-G25,.S?....,48.6,27.0,Sc,Sc,0.030121,0.0661,SP,?,True,True,9051,"8958, 9098",60pm4,1.18E13 pm 8.73E11,46.4pm 2.7,"Lya, d:Lya","Lya labeled at 9051, d:Lya at 9040, center is 9028 : ONLY 1 GALAXY : ONLY 1 GALAXY : ONLY 1 GALAXY"
MRC2251-178,9733.0,x,0,"('343.52458', '-17.58194')","('x', 'x')",-99,-99,-99,-99,x,x,x,x,x,x,x,x,x,x,x,x,x,x,x,x,x,x,x,0.0661,SP,False,False,False,9733,"9650, 9810",195pm4,4.63E13 pm 9.91E11,44.2pm 1.9,"Lya, d:Lya","Lya labeled at 9733, d:Lya at 9745, center is 9730 : NO GALAXIES : NO GALAXIES : NO GALAXIES"
MRK1014,5694,KUG0156-001,1,"('29.9591666667', '0.394722222222')","(29.79728, 0.10978)",3.297921207130698e-05,1.8006611573503496e-10,141.07943155776937,94.86259536824828,446.14143868061336,x,5538.0,5807.0,113.0,78.0001575,x,20.8,16.8,35.9,18.0,11.6,0,x,x,x,Compact,Compact,0.01937,0.163,SP,?,False,False,5694,"5604, 5706",45pm9,8.84E12 pm 1.92E12,35.3pm 2.3,d:Lya,"center is 5655, extremely weak : ONLY 1 GALAXY : ONLY 1 GALAXY : ONLY 1 GALAXY"
MRK1014,7080,NGC0768,3,"('29.9591666667', '0.394722222222')","(29.67056, 0.52922)",0.023093338977393997,0.1169588239413345,253.38390549364698,338.80858312622485,486.1529328687245,x,6752.3,7021.0,-59.0,87.483,x,48.6,14.5,72.6,x,85.0,NGC768,.SBR4*.,61.4,30.0,SB(r)bc:,SB(r)bc:,0.023419,0.163,SP,?,True,True,7080,"6984, 7144",117pm11,2.46E13 pm 2.54E12,49.0pm 3.1,d:Lya,"center is 7064, IC1761 companion; p"
MRK1014,7563,SDSSJ020017.78+003715.5,1,"('29.9591666667', '0.394722222222')","(30.07412, 0.62098)",1.1746401731506139e-08,8.427656728326625e-23,121.74843978037151,68.8595091472485,476.50936245510695,x,7638.2,7906.0,343.0,107.5800139,x,16.8,6.6,67.0,148.0,58.9,0,x,x,x,x,x,0.026371,0.163,SP,?,False,False,7563,"7466, 7658",416pm10,1.58E14 pm 6.54E12,46.3pm 1.9,d:Lya,"center is 7562, strong, but far away from galaxy; p : ONLY 1 GALAXY : ONLY 1 GALAXY : ONLY 1 GALAXY"
MRK1014,8421.0,x,0,"('29.95917', '0.39472')","('x', 'x')",-99,-99,-99,-99,x,x,x,x,x,x,,x,x,x,x,x,x,x,x,x,x,x,x,0.163,SP,False,False,False,8421,"8356, 8488",169pm11,3.98E13 pm 3.05E12,39.3pm 2.4,d:Lya,center is 8422 : NO GALAXIES : NO GALAXIES : NO GALAXIES
MRK290,758,SBS1511+583,3,"('233.967916667', '57.9025')","(228.1827, 58.17656)",0.0,0.0,12.215868886348156,0.46475800154489,486.35236730430984,x,643.7,471.0,-287.0,9.066242091,x,0.6,0.5,34.9,69.0,26.1,0,x,x,x,x,x,0.001572,0.0296,SP,?,False,False,758,"698, 810",134pm10,3.00E13 pm 2.56E12,39.4pm 2.1,done,center is 754 : VIRIAL AND CUSTOM INCLUDE MISMATCH : VIRIAL AND CUSTOM INCLUDE MISMATCH : VIRIAL AND CUSTOM INCLUDE MISMATCH
MRK290,3105,NGC5987,2,"('233.967916667', '57.9025')","(234.98904, 58.07953)",0.08184384800503784,0.7727506876432776,322.0594317999893,570.6668660435788,486.01288108895716,x,3170.0,3010.0,-95.0,48.9,x,68.8,29.6,64.5,60.0,11.9,NGC5987,.S..3..,71.6,165.0,Sb,Sb,0.01004,0.0296,SP,?,True,True,3105,"2966, 3170",511pm5,2.01E14 pm 3.76E12,57.0pm 2.6,done,center is 3068
MRK290,3207,NGC5987,3,"('233.967916667', '57.9025')","(234.98904, 58.07953)",0.03886962662855609,0.36699802658112185,322.0594317999893,570.6668660435788,486.01288108895716,x,3170.0,3010.0,-197.0,48.9,x,68.8,29.6,64.5,60.0,11.9,NGC5987,.S..3..,71.6,165.0,Sb,Sb,0.01004,0.0296,SP,?,True,True,3207,"3166, 3308",319pm4,1.11E14 pm 2.43E12,39.8pm 3.1,done,center is 3237
MRK290,4654.0,x,0,"('233.96792', '57.9025')","('x', 'x')",-99,-99,-99,-99,x,x,x,x,x,x,,x,x,x,x,x,x,x,x,x,x,x,x,0.0296,SP,False,False,False,4654,"4630, 4694",45pm14,933E12 pm 3.07E12,22.6pm 4.1,done,"only in HRS data, very faint, center is 4662 : NO GALAXIES : NO GALAXIES : NO GALAXIES"
PG0003+158,833,NGC7814,13,"('1.49708333333', '16.1636111111')","(0.81204, 16.14542)",0.08149636122951685,0.04743290011949515,171.0564909768426,144.21121662339584,197.26988550288323,x,789.3,1050.0,217.0,17.171,x,27.5,11.5,65.3,x,46.6,NGC7814,.SAS2*/,65.4,135.0,SA(s)ab: sp    LINER,SA(s)ab: sp    LINER,0.003502,0.4509,SP,?,False,True,833,"810, 896",131pm15,3.10E13 pm 4.45E12,30.0pm 2.0,d:Lya,"weak, crowded field, center is 853; p : VIRIAL AND CUSTOM INCLUDE MISMATCH : VIRIAL AND CUSTOM INCLUDE MISMATCH"
PG1211+143,2116,IC3061,11,"('183.57375', '14.0536111111')","(183.7685, 14.02897)",0.3163742204058406,0.07615423872665059,151.66740848894227,111.02428112804876,139.33412540488254,x,2615.6,2316.0,200.0,41.9,x,23.1,6.0,74.9,120.0,22.6,IC3061,.SB.5?/,78.8,122.0,SBc? sp;LINER  HII,SBc? sp;LINER  HII,0.007725,0.0804,SP,?,True,False,2116,"2044, 2162",105pm8,2.21E13 pm 1.89E12,41.8pm 1.4,Lya,"STIS only, center is 2103 ; p : VIRIAL AND CUSTOM INCLUDE MISMATCH : VIRIAL AND CUSTOM INCLUDE MISMATCH"
PG1211+143,4933.0,x,0,"('183.57375', '14.05361')","('x', 'x')",-99,-99,-99,-99,x,x,x,x,x,x,,x,x,x,x,x,x,x,x,x,x,x,x,0.0804,SP,False,False,False,4933,"4870, 4970",150pm6,3.60E13 pm 1.95E12,33.5pm 2.9,Lya,"center is 4920, blended with Lya:5033 : NO GALAXIES : NO GALAXIES : NO GALAXIES"
PG1211+143,5011.0,x,0,"('183.57375', '14.05361')","('x', 'x')",-99,-99,-99,-99,x,x,x,x,x,x,,x,x,x,x,x,x,x,x,x,x,x,x,0.0804,SP,False,False,False,5011,"4964, 5106",234pm7,5.97E13 pm 2.40E12,44.4pm 3.5,Lya,"center is 5035, blended with Lya:4920 : NO GALAXIES : NO GALAXIES : NO GALAXIES"
PG1211+143,6606,SDSSJ121430.17+141512.6,1,"('183.57375', '14.0536111111')","(183.62574, 14.25351)",0.00011512695603875194,2.6016170743268207e-14,116.70068090480368,62.80375784935166,351.1716253145104,x,6929.5,6630.0,24.0,97.59845259,x,15.8,3.8,76.1,40.0,25.8,0,x,x,x,x,x,0.022114,0.0804,SP,?,False,False,6606,"6554, 6660",98pm6,2.17E13 pm 1.51E13,31.0pm 2.3,Lya,center is 6607 : VIRIAL AND CUSTOM INCLUDE MISMATCH : ONLY 1 GALAXY : ONLY 1 GALAXY
PG1211+143,6989,SDSSJ121430.17+141512.6,1,"('183.57375', '14.0536111111')","(183.62574, 14.25351)",4.657181724321615e-06,1.0524210757521985e-15,116.70068090480368,62.80375784935166,351.1716253145104,x,6929.5,6630.0,-359.0,97.59845259,x,15.8,3.8,76.1,40.0,25.8,0,x,x,x,x,x,0.022114,0.0804,SP,?,False,False,6989,"6942, 7056",131pm6,3.01E13 pm 1.62E12,33.3pm 2.6,Lya,center is 6999 : ONLY 1 GALAXY : ONLY 1 GALAXY : ONLY 1 GALAXY
PG1211+143,7735,SDSSJ121352.97+141312.4,1,"('183.57375', '14.0536111111')","(183.47074, 14.22013)",6.739767629419562e-09,6.985421642567606e-45,91.46877343064499,36.981495372686055,368.0506178352501,x,7710.5,7411.0,-324.0,108.5978983,x,11.1,7.2,49.5,20.0,51.0,0,x,x,x,x,x,0.024722,0.0804,SP,?,False,False,7735,"7634, 7850",156pm8,3.27E13 pm 1.79E12,66.2pm 2.9,Lya,center is 7742 : ONLY 1 GALAXY : ONLY 1 GALAXY : ONLY 1 GALAXY
PG1216+069,1903,NGC4260,28,"('184.837083333', '6.64388888889')","(184.84267, 6.09868)",0.030796046250737483,0.04548685305705173,208.35405105618935,221.42243788740112,384.4538181044764,x,2255.7,1958.0,55.0,40.4,x,36.6,17.6,61.3,45.0,45.6,NGC4260,.SBS1..,59.9,58.0,SB(s)a;Sy      LINER,SB(s)a;Sy      LINER,0.006531,0.3313,SP,?,False,True,1903,"1461, 2345",2269pm33,1.11E15 pm 2.79E13,230.0pm 3.6,"d:Lya, Lya","DLA, bit far away, 1125, 1449, 2971, and 3040 Lya and AGN-Ly series markers over nothing, near NGC4260 & many other galaxies, center is 1903; p : VIRIAL AND CUSTOM INCLUDE MISMATCH : VIRIAL AND CUSTOM INCLUDE MISMATCH : VIRIAL AND CUSTOM INCLUDE MISMATCH"
PG1216+069,3813,SDSSJ121903.72+063342.9,1,"('184.837083333', '6.64388888889')","(184.76552, 6.56194)",0.08955714645376171,2.8214092696274855e-12,71.06873748016558,21.366632865287876,110.16521656834651,x,4131.0,3833.0,20.0,58.18263304,x,7.7,3.7,61.3,156.0,64.9,0,x,x,x,x,x,0.012787,0.3313,SP,?,True,False,3813,"3692, 3934",360pm10,9.78E13 pm 3.17E12,62.7pm 2.3,"Lya, d:Lya","Lya labeled at 3775, 3812, d:Lya labeled at 3797, center is 3797 : ONLY 1 GALAXY : ONLY 1 GALAXY : ONLY 1 GALAXY"
PG1216+069,5674.0,x,0,"('184.83708', '6.64389')","('x', 'x')",-99,-99,-99,-99,x,x,x,x,x,x,,x,x,x,x,x,x,x,x,x,x,x,x,0.3313,SP,False,False,False,5674,"5620, 5756",136pm8,2.92E13 pm 1.85E12,47.4pm 2.3,d:Lya,"d:Lya labeled at 5674, blended with Clll - not likely, there are no other metal lines in this system, center is 5688 : NO GALAXIES : NO GALAXIES : NO GALAXIES"
PG1216+069,7178.0,x,0,"('184.83708', '6.64389')","('x', 'x')",-99,-99,-99,-99,x,x,x,x,x,x,,x,x,x,x,x,x,x,x,x,x,x,x,0.3313,SP,False,False,False,7178,"7104, 7252",159pm8,3.69E13 pm 2.08E12,42.1pm 2.4,"Lya, d:Lya","Lya labeled at 7178, d:Lya at 7176, center is 7178 : NO GALAXIES : NO GALAXIES : NO GALAXIES"
PG1302-102,1313,MCG-02-34-006,5,"('196.3875', '-10.5555555556')","(197.44792, -10.32)",6.331404774703911e-05,2.174865034069774e-11,132.05615404244176,82.16610615089411,404.9234113213253,x,1480.7,1210.0,-103.0,21.700001,x,18.9,15.8,33.6,x,x,0,x,x,x,SAB(s)d:       Sy2,SAB(s)d:       Sy2,0.004037,0.2784,SP,?,False,False,1313,"1242, 1394",322pm7,1.22E14 pm 4.52E12,35.8pm 2.4,"Lya, d:Lya","Lya labeled at 1313, d:Lya at 1314, center is 1318 : VIRIAL AND CUSTOM INCLUDE MISMATCH : VIRIAL AND CUSTOM INCLUDE MISMATCH : VIRIAL AND CUSTOM INCLUDE MISMATCH"
PG1302-102,3448,NGC4939,1,"('196.3875', '-10.5555555556')","(196.05996, -10.33961)",0.01623783148606046,0.0496407656973986,235.46816074061732,288.88311304055145,264.76418222155314,x,3381.8,3110.0,-338.0,39.118,x,43.7,30.1,46.4,5.0,61.2,NGC4939,.SAS4..,59.1,10.0,SA(s)bc        Sy2,SA(s)bc        Sy2,0.010374,0.2784,SP,?,True,True,3448,"3402, 3492",71pm5,1.47E13 pm 1.24E12,29.7pm 2.5,"d:Lya, OVI","marked both d:Lya at 3447 and OVI at 3448 - definitely could be OVI, but there's no OVIb, center is 3447; p : ONLY 1 GALAXY : ONLY 1 GALAXY : ONLY 1 GALAXY"
PG1302-102,5683.0,x,0,"('196.3875', '-10.55556')","('x', 'x')",-99,-99,-99,-99,x,x,x,x,x,x,,x,x,x,x,x,x,x,x,x,x,x,x,0.2784,SP,False,False,False,5683,"5635, 5745",46pm6,9.10E12 pm 1.19E12,37.7pm 2.9,"Lya, d:NV","Lya labeled at 5683, d:NV at 5694, center is 5690 : NO GALAXIES : NO GALAXIES : NO GALAXIES"
PG1302-102,5856.0,x,0,"('196.3875', '-10.55556')","('x', 'x')",-99,-99,-99,-99,x,x,x,x,x,x,,x,x,x,x,x,x,x,x,x,x,x,x,0.2784,SP,False,False,False,5856,"5820, 5892",54pm4,1.11E13 pm 9.80E11,24.7pm 1.9,d:Lya,"weak, center is 5856 : NO GALAXIES : NO GALAXIES : NO GALAXIES"
PG1302-102,5972.0,x,0,"('196.3875', '-10.55556')","('x', 'x')",-99,-99,-99,-99,x,x,x,x,x,x,,x,x,x,x,x,x,x,x,x,x,x,x,0.2784,SP,False,False,False,5972,"5945, 5999",29pm4,5.71E12 pm 8.30E11,18.6pm 2.1,d:Lya,"MgII labeled at 5981.5, center is 5972 : NO GALAXIES : NO GALAXIES : NO GALAXIES"
PG1302-102,6092.0,x,0,"('196.3875', '-10.55556')","('x', 'x')",-99,-99,-99,-99,x,x,x,x,x,x,,x,x,x,x,x,x,x,x,x,x,x,x,0.2784,SP,False,False,False,6092,"6026, 6150",37pm6,7.13E12 pm 1.22E12,43.6pm 2.5,d:Lya,"MgII labeled at 6097.3, d:Lya labeled at 6098, center is 6088 : NO GALAXIES : NO GALAXIES : NO GALAXIES"
PG1302-102,6597.0,x,0,"('196.3875', '-10.55556')","('x', 'x')",-99,-99,-99,-99,x,x,x,x,x,x,,x,x,x,x,x,x,x,x,x,x,x,x,0.2784,SP,False,False,False,6597,"6558, 6636",58pm5,1.20E13 pm 1.06E12,26.8pm 1.7,"Lya, d:Lya","Lya labeled at 6597, d:Lya at 6572, AGN-Ol labeled at 6559.6, center is 6597 : NO GALAXIES : NO GALAXIES : NO GALAXIES"
PG1302-102,7576,PKS1302-102:[CPC2008]1027,1,"('196.3875', '-10.5555555556')","(196.49167, -10.41389)",-99,-99,-99,-99,336.45576152710555,x,7829.3,7558.0,-18.0,110.2720804,x,x,x,x,x,x,0,x,x,x,x,x,0.02521,0.2784,SP,?,False,False,7576,"7542, 7610",37pm4,7.57E12 pm 8.99E11,21.2pm 2.7,"Lya, d:Lya","Lya labeled at 7576, d:Lya at 7573, center is 7576 : ONLY 1 GALAXY : ONLY 1 GALAXY : ONLY 1 GALAXY"
PG1302-102,9856.0,x,0,"('196.3875', '-10.55556')","('x', 'x')",-99,-99,-99,-99,x,x,x,x,x,x,,x,x,x,x,x,x,x,x,x,x,x,x,0.2784,SP,False,False,False,9856,"9825, 9885",35pm4,6.98E12 pm 8.36E11,21.5pm 1.8,d:Lya,"d:Lya labeled at 9837, SII labeled 9766, center is 9855 : NO GALAXIES : NO GALAXIES : NO GALAXIES"
PG1626+554,8263.0,x,0,"('246.98417', '55.37556')","('x', 'x')",-99,-99,-99,-99,x,x,x,x,x,x,,x,x,x,x,x,x,x,x,x,x,x,x,0.133,SP,False,False,False,8263,"8210, 8296",70pm5,1.47E13 pm 1.22E12,27.2pm 2.3,"d:Lya, Lya","d:Lya labeled at 8246, Lya at 8263 _ I measure 8253, no galaxy within 2000 kpc and 1000 km/s : NO GALAXIES : NO GALAXIES : NO GALAXIES"
PKS2005-489,4967.0,x,0,"('302.35583', '-48.83139')","('x', 'x')",-99,-99,-99,-99,x,x,x,x,x,x,,x,x,x,x,x,x,x,x,x,x,x,x,0.071,SP,False,False,False,4967,"4885, 5023",280pm6,8.15E13 pm 2.59E12,41.4pm 2.6,done,center is 4954. several galaxies with b>500 kpc : NO GALAXIES : NO GALAXIES : NO GALAXIES
PKS2005-489,5070.0,x,0,"('302.35583', '-48.83139')","('x', 'x')",-99,-99,-99,-99,x,x,x,x,x,x,,x,x,x,x,x,x,x,x,x,x,x,x,0.071,SP,False,False,False,5070,"5016, 5156",315pm6,1.18E14 pm 3.75E12,35.6pm 3.3,done,center is 5086. several galaxies with b>500 kpc : NO GALAXIES : NO GALAXIES : NO GALAXIES
RBS1795,1795,HIPASSJ2320-41,1,"('328.7125', '-44.2347222222')","(350.20458, -41.73083)",2.444769273869629e-288,0.0,10.771825341804764,0.3535533905932738,277.04978897771247,x,1369.2,1623.0,-172.0,1.0,x,0.5,0.4,34.6,x,x,ESO347-G08,.SBS9..,33.7,-99,SAB(s)m,SAB(s)m,0.005414,0.344,SP,?,False,False,1795,"1785, 1899",36pm7,6.98E12 pm 1.41E12,47.9pm 2.6,"d:Lya, Lya","center is 1842, very weak : NO GALAXIES : ONLY 1 GALAXY : ONLY 1 GALAXY"
RBS1795,3593.0,x,0,"('328.7125', '-44.23472')","('x', 'x')",-99,-99,-99,-99,x,x,x,x,x,x,,x,x,x,x,x,x,x,x,x,x,x,x,0.344,SP,False,False,False,3593,"3550, 3624",35pm5,6.83E12 pm 1.05E12,29.7pm 1.8,"d:Lya, OVI","weak, I don't believe the OVI label, no galaxies within 2000kpc and 1000 km/s, center is 3587 : NO GALAXIES : NO GALAXIES : NO GALAXIES"
RBS1795,7923.0,x,0,"('328.7125', '-44.23472')","('x', 'x')",-99,-99,-99,-99,x,x,x,x,x,x,,x,x,x,x,x,x,x,x,x,x,x,x,0.344,SP,False,False,False,7923,"7890, 7942",16pm4,3.13E12 pm 8.26E11,18.8pm 2.3,d:Lya,"center is 7916, extremely weak, group of large galaxies with 1000<b<2000kpc at this velocity : NO GALAXIES : NO GALAXIES : NO GALAXIES"
RBS1795,8103.0,x,0,"('328.7125', '-44.23472')","('x', 'x')",-99,-99,-99,-99,x,x,x,x,x,x,,x,x,x,x,x,x,x,x,x,x,x,x,0.344,SP,False,False,False,8103,"8057, 8155",61pm5,1.25E13 pm 1.17E12,31.0pm 2.6,"d:Lya,Lya","group of large galaxies with 1000<b<2000kpc at this velocity, center is 8106 : NO GALAXIES : NO GALAXIES : NO GALAXIES"
RBS1795,9038.0,x,0,"('328.7125', '-44.23472')","('x', 'x')",-99,-99,-99,-99,x,x,x,x,x,x,,x,x,x,x,x,x,x,x,x,x,x,x,0.344,SP,False,False,False,9038,"8992, 9080",96pm5,2.12E13 pm 1.19E12,27.7pm 1.8,"d:Lya, Lya","center is 9036, group of large galaxies with 1000<b<2000kpc at this velocity : NO GALAXIES : NO GALAXIES : NO GALAXIES"
RBS1795,9517.0,x,0,"('328.7125', '-44.23472')","('x', 'x')",-99,-99,-99,-99,x,x,x,x,x,x,,x,x,x,x,x,x,x,x,x,x,x,x,0.344,SP,False,False,False,9517,"9500, 9538",18pm3,3.55E12 pm 6.98E11,13.4pm 2.3,Lya,center is 9518 : NO GALAXIES : NO GALAXIES : NO GALAXIES
RBS1795,10154.0,x,0,"('328.7125', '-44.23472')","('x', 'x')",-99,-99,-99,-99,x,x,x,x,x,x,,x,x,x,x,x,x,x,x,x,x,x,x,0.344,SP,False,False,False,10154,"10105, 10203",57pm5,1.15E13 pm 1.15E12,33.5pm 2.1,"d:Lya, Lya", : NO GALAXIES : NO GALAXIES : NO GALAXIES
RBS2070,8966,MCG-05-01-020,7,"('359.7825', '-30.6275')","(359.90754, -30.65583)",0.24603209203339324,0.2566586146006735,200.42989925008942,203.52330579076198,237.2931127367798,x,8677.0,8961.0,-5.0,122.2119212,x,34.6,18.7,57.3,115.0,10.2,0,x,x,x,E,E,0.029891,0.165,NP,?,False,False,8966,"8832, 9110",777pm10,4.11E14 pm 1.91E13,76.8pm 1.8,Lya,"center is 8971, 2dFGRSS357Z063 appears to be another name for the same galaxy : VIRIAL AND CUSTOM INCLUDE MISMATCH : VIRIAL AND CUSTOM INCLUDE MISMATCH : VIRIAL AND CUSTOM INCLUDE MISMATCH"
RX_J0714.5+7408,1339,UGC03739,3,"('108.650833333', '74.1363888889')","(109.13343, 75.74151)",6.042751310714794e-30,0.0,58.44741601217563,13.968249711399062,475.115548138555,x,1200.5,1120.0,-219.0,16.9081605,x,5.8,4.5,38.7,x,x,UGC3739,.I..9*.,39.1,-99,Im:,Im:,0.003736,0.371,SP,?,False,False,1339,"1322, 1374",24pm8,4.64E12 pm 1.66E12,18.7pm 2.7,done,"very weak, center is 1348 : VIRIAL AND CUSTOM INCLUDE MISMATCH : VIRIAL AND CUSTOM INCLUDE MISMATCH : VIRIAL AND CUSTOM INCLUDE MISMATCH"
RX_J0714.5+7408,2555,UGC03730NED02,3,"('108.650833333', '74.1363888889')","(108.58467, 73.47342)",4.7500866256741e-07,2.8431989662461584e-19,123.2444344281417,70.71217009822284,458.0269233006463,x,2809.4,2728.0,173.0,39.56875494,x,17.1,10.9,50.2,5.0,3.4,UGC3730,.RING..,58.3,165.0,Ring,Ring,0.0091,0.371,SP,?,False,False,2555,"2522, 2588",28pm7,5.46E12 pm 1.45E12,23.8pm 3.5,done,"weak, center is 2555 : VIRIAL AND CUSTOM INCLUDE MISMATCH : VIRIAL AND CUSTOM INCLUDE MISMATCH : VIRIAL AND CUSTOM INCLUDE MISMATCH"
RX_J0714.5+7408,2649,UGC03730NED02,3,"('108.650833333', '74.1363888889')","(108.58467, 73.47342)",8.587974020031726e-07,5.140394434898948e-19,123.2444344281417,70.71217009822284,458.0269233006463,x,2809.4,2728.0,79.0,39.56875494,x,17.1,10.9,50.2,5.0,3.4,UGC3730,.RING..,58.3,165.0,Ring,Ring,0.0091,0.371,SP,?,False,False,2649,"2596, 2714",106pm9,2.26E13 pm 2.12E12,40.0pm 2.0,done,center is 2655 : VIRIAL AND CUSTOM INCLUDE MISMATCH : VIRIAL AND CUSTOM INCLUDE MISMATCH : VIRIAL AND CUSTOM INCLUDE MISMATCH
RX_J0714.5+7408,4074,UGC03717,1,"('108.650833333', '74.1363888889')","(108.31017, 73.84314)",0.119300158140371,0.1290554298466127,201.62739754136908,206.17601460887732,270.6026440067228,x,4268.8,4188.0,114.0,50.35,x,34.9,16.8,61.3,115.0,82.6,UGC3717,.S..4..,68.7,103.0,Sbc,Sbc,0.01397,0.371,SP,?,True,True,4074,"4030, 4114",58pm7,1.18E13 pm 1.65E12,29.0pm 2.0,done,center is 4072 : ONLY 1 GALAXY : ONLY 1 GALAXY : ONLY 1 GALAXY
RX_J0714.5+7408,4264,UGC03717,1,"('108.650833333', '74.1363888889')","(108.31017, 73.84314)",0.1428996527157079,0.15458467443486665,201.62739754136908,206.17601460887732,270.6026440067228,x,4268.8,4188.0,-76.0,50.35,x,34.9,16.8,61.3,115.0,82.6,UGC3717,.S..4..,68.7,103.0,Sbc,Sbc,0.01397,0.371,SP,?,True,True,4264,"4164, 4354",410pm9,1.70E14 pm 7.19E12,43.8pm 2.6,done,"very likely Lya, but not yet fully identified, center is 4259 : ONLY 1 GALAXY : ONLY 1 GALAXY : ONLY 1 GALAXY"
RX_J0714.5+7408,5317.0,x,0,"('108.65083', '74.13639')","('x', 'x')",-99,-99,-99,-99,x,x,x,x,x,x,,x,x,x,x,x,x,x,x,x,x,x,x,0.371,SP,False,False,False,5317,"5294, 5380",39pm8,7.55E12 pm 1.57E12,37.0pm 1.9,done,"very weak, center is 5337 : NO GALAXIES : NO GALAXIES : NO GALAXIES"
RX_J0714.5+7408,9558.0,x,0,"('108.65083', '74.13639')","('x', 'x')",-99,-99,-99,-99,x,x,x,x,x,x,,x,x,x,x,x,x,x,x,x,x,x,x,0.371,SP,False,False,False,9558,"9562, 9592",14pm4,2.87E12 pm 8.92E11,9.9pm 4.1,done,"very weak, center is 9577 : NO GALAXIES : NO GALAXIES : NO GALAXIES"
RX_J1330.8+3119,1740,SDSSJ133025.22+304141.9,6,"('202.721666667', '31.3255555556')","(202.60509, 30.69498)",4.1666865825388064e-74,0.0,25.061655495164096,2.2165288177689004,325.6830843066593,x,2075.2,1799.0,59.0,29.22781275,x,1.7,0.8,62.6,105.0,84.0,0,x,x,x,Extended Src [SDSS],Extended Src [SDSS],0.006,0.241,DG,?,False,False,1740,"1654, 1810",153pm18,3.35E13 pm 4.54E12,53.7pm 2.3,f:Lya,"f:Lya labeled at 1740, I measure 1732 : VIRIAL AND CUSTOM INCLUDE MISMATCH : VIRIAL AND CUSTOM INCLUDE MISMATCH : VIRIAL AND CUSTOM INCLUDE MISMATCH"
RX_J1330.8+3119,2654.0,x,0,"('202.72167', '31.32556')","('x', 'x')",-99,-99,-99,-99,x,x,x,x,x,x,x,x,x,x,x,x,x,x,x,x,x,x,x,0.241,DG,False,False,False,2654,"2560, 2764",423pm17,1.56E14 pm 1.12E13,49.8pm 2.9,f:Lya,"f:Lya labeled at 2654, center is 2662. This galaxy is tiny, far away, and has no info (phot redshifts also).  : ONLY 1 GALAXY : NO GALAXIES : NO GALAXIES"
RX_J1330.8+3119,2822.0,x,0,"('202.72167', '31.32556')","('x', 'x')",-99,-99,-99,-99,x,x,x,x,x,x,x,x,x,x,x,x,x,x,x,x,x,x,x,0.241,DG,False,False,False,2822,"2779, 2865",58pm13,1.19E13 pm 2.93E12,36.8pm 3.4,no,"Not marked, possibly weak Lya. This galaxy is tiny, far away, and has no info (phot redshifts also). Center is 2822 : NO GALAXIES : NO GALAXIES : NO GALAXIES"
RX_J1330.8+3119,4839,UGC08496NED02,6,"('202.721666667', '31.3255555556')","(202.5724, 31.33278)",0.08017445969011881,4.8048691852137385e-06,100.91945094405413,45.7946721791957,160.23804294543194,x,5104.2,4829.0,-10.0,71.89071302,x,12.8,6.6,58.7,47.0,46.2,UGC8496,.S?....,59.1,-99,HII,HII,0.016108,0.241,DG,?,True,False,4839,"4735, 4943",413pm16,1.42E14 pm 9.19E12,51.4pm 2.6,f:Lya,"good. Several other, closer galaxies. Just a bit too ambiguous, center is 4839 : VIRIAL AND CUSTOM INCLUDE MISMATCH : VIRIAL AND CUSTOM INCLUDE MISMATCH : VIRIAL AND CUSTOM INCLUDE MISMATCH"
RX_J1330.8+3119,7401,UGC08492,4,"('202.721666667', '31.3255555556')","(202.52721, 31.38811)",0.06673196127561132,0.08056236466667491,204.01286914217295,211.5156613586805,335.40399826021155,x,7689.2,7414.0,13.0,108.2987054,x,35.5,34.1,16.2,70.0,40.6,UGC8492,.S?....,12.2,-99,S0,S0,0.02473,0.241,DG,?,False,True,7401,"7325, 7497",330pm15,1.09E14 pm 7.83E12,45.6pm 2.3,f:Lya,"f:Lya labeled at 7401, center is 7411. Somewhat ambiguous, and totally face on (can't determine azimuth). UGC08498 is b = 580, and is huge : VIRIAL AND CUSTOM INCLUDE MISMATCH : VIRIAL AND CUSTOM INCLUDE MISMATCH : VIRIAL AND CUSTOM INCLUDE MISMATCH"
RX_J1330.8+3119,10180.0,x,0,"('202.72167', '31.32556')","('x', 'x')",-99,-99,-99,-99,x,x,x,x,x,x,,x,x,x,x,x,x,x,x,x,x,x,x,0.241,DG,False,False,False,10180,"10046, 10314",817pm13,4.14E14 pm 2.43E13,83.2pm 1.6,f:Lya,"f:Lya labeled at 10191, I measure 10180. I don't have galaxy information out this far : NO GALAXIES : NO GALAXIES : NO GALAXIES"
RX_J1503.2+6810,7205.0,x,0,"('225.81875', '68.16833')","('x', 'x')",-99,-99,-99,-99,x,x,x,x,x,x,,x,x,x,x,x,x,x,x,x,x,x,x,0.114,SP,False,False,False,7205,"7124, 7264",180pm16,4.11E13 pm 4.49E12,43.1pm 3.0,Lya,"Lya marked at 7205, center is 7194 : NEEDS TO BE IDENTIFIED : NO GALAXIES : NO GALAXIES : NO GALAXIES"
RX_J1503.2+6810,8231.0,x,0,"('225.81875', '68.16833')","('x', 'x')",-99,-99,-99,-99,x,x,x,x,x,x,,x,x,x,x,x,x,x,x,x,x,x,x,0.114,SP,False,False,False,8231,"8208, 8256",29pm10,6.20E12 pm 2.21E12,13.3pm 4.1,no,"weak, center is 8232 : NEEDS TO BE IDENTIFIED : NO GALAXIES : NO GALAXIES : NO GALAXIES"
RX_J1503.2+6810,8835.0,x,0,"('225.81875', '68.16833')","('x', 'x')",-99,-99,-99,-99,x,x,x,x,x,x,,x,x,x,x,x,x,x,x,x,x,x,x,0.114,SP,False,False,False,8835,"8746, 8894",266pm15,7.45E13 pm 5.61E12,43.1pm 3.1,Lya,"Lya marked at 8845, center is 8820, blended : NEEDS TO BE IDENTIFIED : NO GALAXIES : NO GALAXIES : NO GALAXIES"
RX_J1503.2+6810,10122,CGCG318-012,1,"('225.81875', '68.1683333333')","(225.56167, 68.26181)",0.007567449926008542,0.0309580537752734,249.77490207506148,328.4055054349729,325.4437707754344,x,9911.8,9765.0,-357.0,139.60269,x,47.6,30.5,50.2,135.0,0.6,0,x,x,x,x,x,0.032573,0.114,SP,?,False,True,10122,"10080, 10170",44pm14,8.89E12 pm 2.98E12,29.4pm 5.1,Lya,center is 10127 : NEEDS TO BE IDENTIFIED : ONLY 1 GALAXY : ONLY 1 GALAXY : ONLY 1 GALAXY
SBS1503+570,706,NGC5907,15,"('226.231666667', '56.8222222222')","(228.97404, 56.32877)",0.09156202760319422,0.7651253563679579,294.72108578615985,470.57956287964737,452.05964910891913,x,843.0,667.0,-39.0,16.3,x,60.5,6.6,83.7,x,46.8,NGC5907,.SAS5*/,83.7,155.0,SA(s)c: sp     HII:,SA(s)c: sp     HII:,0.002225,0.3589,SP,?,False,True,706,"631, 757",302pm24,9.17E13 pm 1.24E13,42.1pm 1.7,Lya,"Lya marked 705, center is 694 ; ambiguous = other nearby large galaxies: NGC5866, KUG1513+566, NGC5879 : VIRIAL AND CUSTOM INCLUDE MISMATCH : VIRIAL AND CUSTOM INCLUDE MISMATCH"
SBS1503+570,8920.0,x,0,"('226.2315', '56.8223')","('x', 'x')",-99,-99,-99,-99,x,x,x,x,x,x,,x,x,x,x,x,x,x,x,x,x,x,x,0.3589,SP,False,False,False,8920,"8780, 9036",587pm16,2.14E14 pm 1.18E13,69.6pm 2.1,Lya,"Lya marked 8920, center is 8908; two galaxies with 500 < v < 800 km/s = SDSSJ150606.34+563934.6, SDSSJ150659.06+564203.2 : NO GALAXIES : NO GALAXIES : NO GALAXIES"
SBS1537+577,754,UMaDwarf,1,"('234.541666667', '57.6036111111')","(158.72, 51.92)",-99,-99,-99,-99,73.66871658918035,x,1313.0,1101.0,347.0,0.101,x,x,x,x,x,x,0,x,x,x,dSph,dSph,0.003673,0.0734,SP,?,False,False,754,"687, 809",146pm36,3.28E13 pm 9.49E12,44.9pm2.8,Lya,center is 748 : ONLY 1 GALAXY : ONLY 1 GALAXY : ONLY 1 GALAXY
SBS1537+577,3279,NGC5987,4,"('234.541666667', '57.6036111111')","(234.98904, 58.07953)",0.022419712157078754,0.1738950380699495,322.0594317999893,570.6668660435788,454.1825595320347,x,3170.0,3010.0,-269.0,48.9,x,68.8,29.6,64.5,60.0,33.3,NGC5987,.S..3..,71.6,165.0,Sb,Sb,0.01004,0.0734,SP,?,False,True,3279,"3174, 3380",358pm30,9.55E13 pm 1.07E13,64.4pm 2.7,Lya,center is 3277 : VIRIAL AND CUSTOM INCLUDE MISMATCH : VIRIAL AND CUSTOM INCLUDE MISMATCH
SBS1537+577,3549,SDSSJ153802.75+573018.3,3,"('234.541666667', '57.6036111111')","(234.5115, 57.50508)",0.33289053471227614,0.0005471677345769594,86.86757243034273,33.0564214639153,90.50673832769371,x,3687.3,3525.0,-24.0,51.93368351,x,10.3,1.9,79.6,24.0,14.7,0,x,x,x,Sd(f),Sd(f),0.011759,0.0734,SP,?,True,False,3549,"3456, 3670",447pm28,1.40E14 pm 1.38E13,53.2pm 3.6,Lya,center is 3563 : VIRIAL VS CUSTOM RESULT MISMATCH : VIRIAL AND CUSTOM INCLUDE MISMATCH : VIRIAL AND CUSTOM INCLUDE MISMATCH
SBS1537+577,3549,SDSSJ153802.75+573018.3,3,"('234.541666667', '57.6036111111')","(234.5115, 57.50508)",0.33289053471227614,0.0005471677345769594,86.86757243034273,33.0564214639153,90.50673832769371,x,3687.3,3525.0,-24.0,51.93368351,x,10.3,1.9,79.6,24.0,14.7,0,x,x,x,Sd(f),Sd(f),0.011759,0.0734,SP,?,True,False,3549,"3456, 3670",447pm28,1.40E14 pm 1.38E13,53.2pm 3.6,Lya,center is 3563 : VIRIAL VS CUSTOM RESULT MISMATCH : VIRIAL AND CUSTOM INCLUDE MISMATCH : VIRIAL AND CUSTOM INCLUDE MISMATCH
SBS1537+577,4077,SBS1540+576,1,"('234.541666667', '57.6036111111')","(235.29007, 57.53141)",3.306936833762543e-18,2.1048584096854055e-230,63.897713172478895,16.95570700383797,388.7298103762206,x,3877.6,3717.0,-360.0,54.61470227,x,6.6,4.9,42.3,36.0,64.2,0,x,x,x,x,x,0.012399,0.0734,SP,?,False,False,4077,"4032, 4148",72pm25,1.47E13 pm 5.48E12,45.0pm 3.8,Lya,center is 4090 : VIRIAL AND CUSTOM INCLUDE MISMATCH : ONLY 1 GALAXY : ONLY 1 GALAXY
SBS1537+577,8466.0,x,0,"('234.54167', '57.60361')","('x', 'x')",-99,-99,-99,-99,x,x,x,x,x,x,,x,x,x,x,x,x,x,x,x,x,x,x,0.0734,SP,False,False,False,8466,"8413, 8501",48pm21,9.79E12 pm 4.38E12,31.1pm 7.9,Lya,center is 8457 : NO GALAXIES : NO GALAXIES : NO GALAXIES
SBS1537+577,9008.0,x,0,"('234.54167', '57.60361')","('x', 'x')",-99,-99,-99,-99,x,x,x,x,x,x,,x,x,x,x,x,x,x,x,x,x,x,x,0.0734,SP,False,False,False,9008,"8983, 9033",54pm14,1.23E13 pm 3.69E12,,no,"Not marked, but I see Lya here : NO GALAXIES : NO GALAXIES : NO GALAXIES"
SBS1537+577,9190.0,x,0,"('234.54167', '57.60361')","('x', 'x')",-99,-99,-99,-99,x,x,x,x,x,x,,x,x,x,x,x,x,x,x,x,x,x,x,0.0734,SP,False,False,False,9190,"9160, 9224",67pm16,1.47E13 pm 4.07E12,22.4pm 1.9,Lya,center is 9192 : NO GALAXIES : NO GALAXIES : NO GALAXIES
SBS1537+577,9824.0,x,0,"('234.54167', '57.60361')","('x', 'x')",-99,-99,-99,-99,x,x,x,x,x,x,,x,x,x,x,x,x,x,x,x,x,x,x,0.0734,SP,False,False,False,9824,"9795, 9845",40pm15,8.29E12 pm 3.39E12,18.6pm 2.9,Lya,center is 9820 : NO GALAXIES : NO GALAXIES : NO GALAXIES
SDSSJ080838.80+051440.0,1448,UMaDwarf,1,"('122.161666667', '5.24444444444')","(158.72, 51.92)",-99,-99,-99,-99,97.97122360083637,x,1313.0,1101.0,-347.0,0.101,x,x,x,x,x,x,0,x,x,x,dSph,dSph,0.003673,0.361,RT,?,False,False,1448,"1410, 1488",103pm25,2.37E13 pm 6.83E12,27.5pm 3.5,done,center is 1449 : NO GALAXIES : ONLY 1 GALAXY : ONLY 1 GALAXY
SDSSJ080838.80+051440.0,2474.0,x,0,"('122.16167', '5.24444')","('x', 'x')",-99,-99,-99,-99,x,x,x,x,x,x,,x,x,x,x,x,x,x,x,x,x,x,x,0.361,RT,False,False,False,2474,"2400, 2514",133pm23,3.03E13 pm 6.05E12,40.8pm 2.2,done,center is 2457 : NO GALAXIES : NO GALAXIES : NO GALAXIES
SDSSJ080838.80+051440.0,2596.0,x,0,"('122.16167', '5.24444')","('x', 'x')",-99,-99,-99,-99,x,x,x,x,x,x,,x,x,x,x,x,x,x,x,x,x,x,x,0.361,RT,False,False,False,2596,"2520, 2660",294pm21,9.38E13 pm 1.08E13,39.8pm 3.2,done,center is 2590 : NO GALAXIES : NO GALAXIES : NO GALAXIES
SDSSJ080838.80+051440.0,4158.0,x,0,"('122.16167', '5.24444')","('x', 'x')",-99,-99,-99,-99,x,x,x,x,x,x,,x,x,x,x,x,x,x,x,x,x,x,x,0.361,RT,False,False,False,4158,"4080, 4236",189pm23,4.30E13 pm 6.24E12,56.5pm 2.8,no,"Not labeled, looks like Lya to me : NO GALAXIES : NO GALAXIES : NO GALAXIES"
SDSSJ080838.80+051440.0,4351.0,x,0,"('122.16167', '5.24444')","('x', 'x')",-99,-99,-99,-99,x,x,x,x,x,x,,x,x,x,x,x,x,x,x,x,x,x,x,0.361,RT,False,False,False,4351,"4272, 4386",187pm20,4.69E13 pm 6.39E12,39.2pm 1.6,done,center is 4329 : NO GALAXIES : NO GALAXIES : NO GALAXIES
SDSSJ080838.80+051440.0,4848.0,x,0,"('122.16167', '5.24444')","('x', 'x')",-99,-99,-99,-99,x,x,x,x,x,x,,x,x,x,x,x,x,x,x,x,x,x,x,0.361,RT,False,False,False,4848,"4769, 4895",158pm22,3.73E13 pm 6.01E12,41.7pm 3.9,done,center is 4832 : NO GALAXIES : NO GALAXIES : NO GALAXIES
SDSSJ080838.80+051440.0,8740,UGC04239,2,"('122.161666667', '5.24444444444')","(121.99208, 5.20667)",0.1563723231603191,0.8660117732492373,278.7260738002193,416.82263854066275,378.31768644133473,x,8893.1,8763.0,23.0,125.2551175,x,55.8,40.2,43.9,115.0,37.6,0,x,x,x,S,S,0.02923,0.361,RT,?,True,True,8740,"8560, 8876",883pm24,3.38E14 pm 2.10E13,92.6pm 2.1,done,center is 8718
SDSSJ080838.80+051440.0,8927,UGC04239,4,"('122.161666667', '5.24444444444')","(121.99208, 5.20667)",0.080887948941243,0.44796876251100815,278.7260738002193,416.82263854066275,378.31768644133473,x,8893.1,8763.0,-164.0,125.2551175,x,55.8,40.2,43.9,115.0,37.6,0,x,x,x,S,S,0.02923,0.361,RT,?,False,True,8927,"8870, 8974",130pm19,3.37E13 pm 5.54E12,25.6pm 4.4,done,center is 8922 : VIRIAL AND CUSTOM INCLUDE MISMATCH : VIRIAL AND CUSTOM INCLUDE MISMATCH
SDSSJ080838.80+051440.0,9760.0,x,0,"('122.16167', '5.24444')","('x', 'x')",-99,-99,-99,-99,x,x,x,x,x,x,x,x,x,x,x,x,x,x,x,x,x,x,x,0.361,RT,False,False,False,9760,"9728, 9788",58pm15,1.25E13 pm 3.52E12,22.2pm 1.7,done,center is 9758 : ONLY 1 GALAXY : NO GALAXIES : NO GALAXIES
SDSSJ080838.80+051440.0,10195.0,x,0,"('122.16167', '5.24444')","('x', 'x')",-99,-99,-99,-99,x,x,x,x,x,x,,x,x,x,x,x,x,x,x,x,x,x,x,0.361,RT,False,False,False,10195,"10048, 10344",780pm24,3.02E14 pm 1.97E13,80.6pm 2.2,done,center is 10196 : NO GALAXIES : NO GALAXIES : NO GALAXIES
SDSSJ135341.03+361948.0,6172.0,x,0,"('208.42083', '36.33')","('x', 'x')",-99,-99,-99,-99,x,x,x,x,x,x,,x,x,x,x,x,x,x,x,x,x,x,x,0.147,PL,False,False,False,6172,"6074, 6254",274pm10,7.25E13 pm 3.28E12,50.2pm 2.3,done,center is 6164 : NO GALAXIES : NO GALAXIES : NO GALAXIES
SDSSJ135341.03+361948.0,6419.0,x,0,"('208.42083', '36.33')","('x', 'x')",-99,-99,-99,-99,x,x,x,x,x,x,,x,x,x,x,x,x,x,x,x,x,x,x,0.147,PL,False,False,False,6419,"6388, 6450",48pm7,9.82E12 pm 1.51E12,23.6pm 2.6,no,"not marked, but looks like a small Lya line here : NO GALAXIES : NO GALAXIES : NO GALAXIES"
SDSSJ135341.03+361948.0,6531.0,x,0,"('208.42083', '36.33')","('x', 'x')",-99,-99,-99,-99,x,x,x,x,x,x,,x,x,x,x,x,x,x,x,x,x,x,x,0.147,PL,False,False,False,6531,"6450, 6600",450pm6,2.05E14 pm 9.45E12,45.3pm 2.0,done,center is 6525 : NO GALAXIES : NO GALAXIES : NO GALAXIES
SDSSJ135341.03+361948.0,6642.0,x,0,"('208.42083', '36.33')","('x', 'x')",-99,-99,-99,-99,x,x,x,x,x,x,,x,x,x,x,x,x,x,x,x,x,x,x,0.147,PL,False,False,False,6642,"6600, 6720",233pm8,7.37E13 pm 3.53E12,32.2pm 3.3,done,center is 6660 : NO GALAXIES : NO GALAXIES : NO GALAXIES
SDSSJ140428.30+335342.0,1521.0,x,0,"('211.11792', '33.895')","('x', 'x')",-99,-99,-99,-99,x,x,x,x,x,x,,x,x,x,x,x,x,x,x,x,x,x,x,0.549,RT,False,False,False,1521,"1470, 1582",162pm23,4.21E13 pm 7.11E12,30.2pm 3.5,working,center is 1526 : NO GALAXIES : NO GALAXIES : NO GALAXIES
SDSSJ140428.30+335342.0,1717.0,x,0,"('211.11792', '33.895')","('x', 'x')",-99,-99,-99,-99,x,x,x,x,x,x,,x,x,x,x,x,x,x,x,x,x,x,x,0.549,RT,False,False,False,1717,"1634, 1794",349pm24,1.21E14 pm 1.45E13,41.3pm 2.4,working,center is 1714 : NO GALAXIES : NO GALAXIES : NO GALAXIES
SDSSJ140428.30+335342.0,2827.0,x,0,"('211.11792', '33.895')","('x', 'x')",-99,-99,-99,-99,x,x,x,x,x,x,,x,x,x,x,x,x,x,x,x,x,x,x,0.549,RT,False,False,False,2827,"2800, 2856",45pm18,9.51E12 pm 4.13E12,22.3pm 5.3,working,center is 2828 : NO GALAXIES : NO GALAXIES : NO GALAXIES
SDSSJ140428.30+335342.0,4621.0,x,0,"('211.11792', '33.895')","('x', 'x')",-99,-99,-99,-99,x,x,x,x,x,x,,x,x,x,x,x,x,x,x,x,x,x,x,0.549,RT,False,False,False,4621,"4606, 4642",34pm15,7.44E12 pm 3.52E12,11.9pm 4.1,working,center is 4624 : NO GALAXIES : NO GALAXIES : NO GALAXIES
SDSSJ140428.30+335342.0,5769.0,x,0,"('211.11792', '33.895')","('x', 'x')",-99,-99,-99,-99,x,x,x,x,x,x,,x,x,x,x,x,x,x,x,x,x,x,x,0.549,RT,False,False,False,5769,"5712, 5834",314pm21,9.92E13 pm 1.22E13,38.1pm 2.2,working,center is 5773 : NO GALAXIES : NO GALAXIES : NO GALAXIES
SDSSJ140428.30+335342.0,7884,KUG1402+341,2,"('211.117916667', '33.895')","(211.12182, 33.95337)",1.390172538534985,1.420800101467793,203.61616373963315,210.62256289391217,117.51569125763211,x,8177.5,7919.0,35.0,115.175796,x,35.4,12.7,68.9,120.0,63.2,0,x,x,x,Spiral,Spiral,0.026415,0.549,RT,?,False,True,7884,"7745, 8023",889pm28,2.82E14 pm 2.03E13,93.4pm 1.2,working,center is 7884. SDSSJ140425.82+335552.8 is probably a large satellite galaxy : VIRIAL AND CUSTOM INCLUDE MISMATCH : VIRIAL AND CUSTOM INCLUDE MISMATCH : VIRIAL AND CUSTOM INCLUDE MISMATCH
TON1009,1961,NGC2770,4,"('137.275416667', '32.6086111111')","(137.39045, 33.12353)",0.16498639240729068,0.18842255935270708,204.4092282765912,212.4100185961105,274.0145373372462,x,2143.1,1947.0,-14.0,29.967,x,35.6,7.3,78.1,x,42.7,NGC2770,.SAS5*.,72.4,148.0,SA(s)c:,SA(s)c:,0.006494,0.809,RT,?,True,True,1961,"1854, 2048",350pm21,1.05E14 pm 8.11E12,55.0pm3.5,Lya,"Lya labeled at 1961 _ I measure 1951, looks blended"
TON1009,3792,KUG0906+333ANED01,2,"('137.275416667', '32.6086111111')","(137.33077, 33.12324)",2.8090370932228525e-11,1.1864761649993972e-51,100.91945094405413,45.7946721791957,495.4967172228863,x,3900.9,3705.0,-87.0,54.94195498,x,12.8,5.6,64.1,x,x,0,x,x,x,x,x,0.012359,0.809,RT,?,False,False,3792,"3750, 3832",132pm12,3.44E13 pm 3.81E12,26.3pm 2.5,Lya,Lya labeled at 3792 _ I measure 3791. Ambigous : VIRIAL AND CUSTOM INCLUDE MISMATCH : VIRIAL AND CUSTOM INCLUDE MISMATCH : VIRIAL AND CUSTOM INCLUDE MISMATCH
TON1009,4285,IC2439,2,"('137.275416667', '32.6086111111')","(137.16024, 32.59295)",1.2063151946608783,0.8021437872766333,153.47471125127623,113.92047664928373,108.59642836719718,x,4494.8,4299.0,14.0,63.30638611,x,23.5,7.5,71.3,30.0,50.8,MCG6-20-32,.L?....,-99,-99,S0?,S0?,0.01434,0.809,RT,?,True,True,4285,"4200, 4390",343pm17,1.26E14 pm 1.06E13,42.1pm 3.5,Lya,"Lya labeled at 4285 _ I measure 4295, loose galaxy group"
TON1009,7915.0,x,0,"('137.27542', '32.60861')","('x', 'x')",-99,-99,-99,-99,x,x,x,x,x,x,,x,x,x,x,x,x,x,x,x,x,x,x,0.809,RT,False,False,False,7915,"7870, 7960",72pm16,1.49E13 pm 3.66E12,31.5pm 3.1,Lya,"Lya labeled at 7944 _ I see two separate lines, at 7915 & 7995 : NO GALAXIES : NO GALAXIES : NO GALAXIES"
TON1009,7995.0,x,0,"('137.27542', '32.60861')","('x', 'x')",-99,-99,-99,-99,x,x,x,x,x,x,,x,x,x,x,x,x,x,x,x,x,x,x,0.809,RT,False,False,False,7995,"7960, 8030",66pm13,1.45E13 pm 3.16E12,26.0pm 1.4,Lya,"Lya labeled at 7944 _ I see two separate lines, at 7915 & 7995 : NO GALAXIES : NO GALAXIES : NO GALAXIES"
RBS1768,4869.0,x,0,"('324.70708', '-38.47778')","('x', 'x')",-99,-99,-99,-99,x,x,x,x,x,x,,x,x,x,x,x,x,x,x,x,x,x,x,,,False,False,False,4869,"4820, 4902",39pm6,7.79E12 pm 1.22E12,29.7pm 1.5,Lya,center is 4861 : NO GALAXIES
RBS1768,5755.0,x,0,"('324.70708', '-38.47778')","('x', 'x')",-99,-99,-99,-99,x,x,x,x,x,x,,x,x,x,x,x,x,x,x,x,x,x,x,,,False,False,False,5755,"5662, 5828",378pm6,1.29E14 pm 3.52E12,45.8pm 2.4,Lya,center is 5745 : NO GALAXIES
RBS1768,5863.0,x,0,"('324.70708', '-38.47778')","('x', 'x')",-99,-99,-99,-99,x,x,x,x,x,x,,x,x,x,x,x,x,x,x,x,x,x,x,,,False,False,False,5863,"5826, 5924",102pm6,2.31E13 pm 1.52E12,32.0pm 2.8,Lya,center is 5875 : NO GALAXIES
RBS1768,6531.0,x,0,"('324.70708', '-38.47778')","('x', 'x')",-99,-99,-99,-99,x,x,x,x,x,x,,x,x,x,x,x,x,x,x,x,x,x,x,,,False,False,False,6531,"6510, 6554",13pm5,2.46E12 pm 8.98E11,13.4pm 3.1,Lya,"center is 6532, very weak : NO GALAXIES"
RBS1768,9360,RFGC3781,1,"('324.707083333', '-38.4777777778')","(324.43825, -38.49256)",0.012841327313025341,0.05611221514019554,252.6639605723781,336.71932525472903,464.1724142522689,x,8951.1,9162.0,-198.0,126.0713339,x,48.4,7.7,80.8,x,x,0,x,x,x,Sb,Sb,0.030561,,,?,True,True,9360,"9288, 9426",364pm4,1.38E14 pm 4.07E12,43.6pm 1.6,Lya,center is 9357 : ONLY 1 GALAXY
RBS1768,9434,RFGC3781,1,"('324.707083333', '-38.4777777778')","(324.43825, -38.49256)",0.005382584591772922,0.02352005655346134,252.6639605723781,336.71932525472903,464.1724142522689,x,8951.1,9162.0,-272.0,126.0713339,x,48.4,7.7,80.8,x,x,0,x,x,x,Sb,Sb,0.030561,,,?,False,True,9434,"9420, 9502",160pm5,4.70E13 pm 1.90E12,25.4pm 2.6,Lya,center is 9461 : ONLY 1 GALAXY
RX_J1236.0+2641,795,NGC4559,13,"('189.017083333', '26.6933333333')","(188.99019, 27.95999)",0.268793879103824,0.1323430493372924,164.5627779941703,132.5745073534124,188.36583635329512,x,1096.5,807.0,12.0,8.519,x,26.0,12.2,62.0,148.0,30.9,NGC4559,.SXT6..,66.0,150.0,SAB(rs)cd      HII,SAB(rs)cd      HII,0.002692,,,?,True,True,795,"715, 873",295pm37,8.27E13 pm 1.45E13,47.1pm 3.1,Lya,center is 794
RX_J1236.0+2641,1012,NGC4565,18,"('189.017083333', '26.6933333333')","(189.08658, 25.98767)",0.45218381129149043,0.5406402622401798,291.6889111034687,460.1181761243518,159.42171984840604,x,1522.0,1230.0,218.0,12.894,x,59.6,6.9,83.3,x,39.0,NGC4565,.SAS3$/,82.2,136.0,SA(s)b? sp Sy3 Sy1.9,SA(s)b? sp Sy3 Sy1.9,0.004103,,,?,False,True,1012,"926, 1094",337pm32,9.62E13 pm 1.35E13,52.2pm 2.7,Lya,center is 1010 : VIRIAL AND CUSTOM INCLUDE MISMATCH
RX_J1236.0+2641,1188,NGC4565,16,"('189.017083333', '26.6933333333')","(189.08658, 25.98767)",1.4195408586298288,1.6972322380987535,291.6889111034687,460.1181761243518,159.42171984840604,x,1522.0,1230.0,42.0,12.894,x,59.6,6.9,83.3,x,39.0,NGC4565,.SAS3$/,82.2,136.0,SA(s)b? sp Sy3 Sy1.9,SA(s)b? sp Sy3 Sy1.9,0.004103,,,?,True,True,1188,"1094, 1222",288pm24,9.02E13 pm 1.25E13,37.8pm 3.4,Lya,center is 1158
RX_J1236.0+2641,6404,NGC4555,12,"('189.017083333', '26.6933333333')","(188.92157, 26.52312)",0.03211077889360836,0.13675852836359403,267.24520355490387,380.39863958747276,326.4921115782582,x,6974.4,6683.0,279.0,98.23124879,x,52.5,39.9,40.5,120.0,86.6,NGC4555,.E.....,31.7,125.0,E,E,0.022292,,,?,False,True,6404,"6358, 6432",42pm11,8.44E12 pm 2.45E12,29.1pm 2.1,Lya,"center is 6395, weak : VIRIAL AND CUSTOM INCLUDE MISMATCH"
RX_J1236.0+2641,7117,IC3585,13,"('189.017083333', '26.6933333333')","(189.16625, 26.82994)",0.02922437129141058,0.05379795105188753,221.9062922966425,253.93148879176053,356.58119862003224,x,7603.0,7312.0,195.0,107.0844161,x,40.1,38.5,16.3,90.0,45.7,0,x,x,x,SA(s)0^0^:,SA(s)0^0^:,0.02439,,,?,False,True,7117,"7016, 7222",428pm13,1.38E14 pm 6.52E12,57.7pm 2.1,Lya,center is 7119 : VIRIAL AND CUSTOM INCLUDE MISMATCH
RX_J1236.0+2641,7223,IC3585,11,"('189.017083333', '26.6933333333')","(189.16625, 26.82994)",0.06202906059030691,0.11418676323800661,221.9062922966425,253.93148879176053,356.58119862003224,x,7603.0,7312.0,89.0,107.0844161,x,40.1,38.5,16.3,90.0,45.7,0,x,x,x,SA(s)0^0^:,SA(s)0^0^:,0.02439,,,?,False,False,7223,"7220, 7288",55pm9,1.15E13 pm 2.05E12,22.5pm 3.3,Lya,center is 7254 : VIRIAL AND CUSTOM INCLUDE MISMATCH
HE0241-3043,1221,NGC1097,7,"('40.9070833333', '-30.5133333333')","(41.57937, -30.27489)",0.9864552956603198,1.3890955315239082,273.1866721110562,399.0239190825533,219.27965181934684,x,1029.8,1271.0,50.0,20.038,x,54.2,36.7,47.4,x,62.4,NGC1097,.SBS3..,47.5,130.0,(R'_1:)SB(r'l)bSy1,(R'_1:)SB(r'l)bSy1,0.00424,,,?,True,True,1221,"1175, 1243",83pm12,1.90E13 pm 3.06E12,23.6pm 2.5,Lya,center is 1209
HE0241-3043,1310,NGC1097,7,"('40.9070833333', '-30.5133333333')","(41.57937, -30.27489)",1.0108966702714488,1.4235131117284876,273.1866721110562,399.0239190825533,219.27965181934684,x,1029.8,1271.0,-39.0,20.038,x,54.2,36.7,47.4,x,62.4,NGC1097,.SBS3..,47.5,130.0,(R'_1:)SB(r'l)bSy1,(R'_1:)SB(r'l)bSy1,0.00424,,,?,True,True,1310,"1254, 1376",184pm15,5.07E13 pm 4.98E12,32.7pm 3.1,Lya,center is 1315
HE0241-3043,2309,2dFGRSS466Z138,1,"('40.9070833333', '-30.5133333333')","(41.81308, -31.28053)",6.464250660406296e-73,0.0,38.77514986628247,5.7243340223994625,498.1928141807604,x,1855.5,2095.0,-214.0,26.1340289,x,3.2,1.7,58.4,x,x,0,x,x,x,x,x,0.006988,,,?,False,False,2309,"2239, 2355",60pm13,1.18E13 pm 2.80E12,44.5pm 1.9,Lya,center is 2297 : ONLY 1 GALAXY
HE0241-3043,2623.0,x,0,"('40.90708', '-30.51333')","('x', 'x')",-99,-99,-99,-99,x,x,x,x,x,x,,x,x,x,x,x,x,x,x,x,x,x,x,,,False,False,False,2623,"2607, 2657",25pm9,4.94E12 pm 1.80E12,20.5pm 3.2,Lya,center is 2632 : NO GALAXIES
HE0241-3043,4978,2dFGRSS393Z148,3,"('40.9070833333', '-30.5133333333')","(40.71194, -30.21257)",2.3728255177416053e-05,1.2571324089608492e-14,123.74128690828067,71.33335825544735,403.45388837146413,x,4761.6,5005.0,27.0,67.06424215,x,17.2,3.9,76.9,x,x,0,x,x,x,S,S,0.016695,,,?,False,False,4978,"4951, 5009",51pm8,1.08E13 pm 1.90E12,21.8pm 1.9,Lya,"center is 4980, weak : VIRIAL AND CUSTOM INCLUDE MISMATCH"
HE0241-3043,5681.0,x,0,"('40.90708', '-30.51333')","('x', 'x')",-99,-99,-99,-99,x,x,x,x,x,x,,x,x,x,x,x,x,x,x,x,x,x,x,,,False,False,False,5681,"5662, 5706",29pm7,5.86E12 pm 1.60E12,14.7pm 2.1,Lya,"center is 5684, weak : NO GALAXIES"
HE0241-3043,7153.0,x,0,"('40.90708', '-30.51333')","('x', 'x')",-99,-99,-99,-99,x,x,x,x,x,x,,x,x,x,x,x,x,x,x,x,x,x,x,,,False,False,False,7153,"7108, 7186",54pm9,1.11E13 pm 2.07E12,30.6pm 3.9,Lya,center is 7147 : NO GALAXIES
HE0241-3043,9881.0,x,0,"('40.90708', '-30.51333')","('x', 'x')",-99,-99,-99,-99,x,x,x,x,x,x,,x,x,x,x,x,x,x,x,x,x,x,x,,,False,False,False,9881,"9837, 9919",46pm10,9.38E12 pm 2.03E12,28.8pm 3.0,Lya,center is 9878 : NO GALAXIES
SDSSJ130524.30+035731.0,2924,UGC08153,1,"('196.35125', '3.95861111111')","(195.77465, 3.99188)",9.086547764970376e-05,9.339173558866046e-10,140.1420228891342,93.4976791155802,425.37445156054923,x,3155.8,2863.0,-61.0,42.299999,x,20.6,18.4,27.1,x,x,UGC8153,.S..7..,27.0,-99,Sd,Sd,0.00955,,,?,False,False,2924,"2884, 2966",46pm13,9.30E12 pm 2.87E12,24.4pm 4.5,Lya,center is 2925 : ONLY 1 GALAXY
SDSSJ130524.30+035731.0,7039,UGC08186,1,"('196.35125', '3.95861111111')","(196.49433, 3.95644)",0.8244626037517893,1.2787388940656033,268.29798225005,383.6638528712341,248.65675120854453,x,7298.1,7006.0,-33.0,99.8,x,52.8,12.7,76.1,105.0,14.1,0,x,x,x,Scd(f),Scd(f),0.023369,,,?,True,True,7039,"6935, 7155",480pm14,1.84E14 pm 1.10E13,54.6pm 2.5,Lya,center is 7045 : ONLY 1 GALAXY
MS1228.6+1219,866,VCC1369,71,"('187.804583333', '12.0519444444')","(187.88897, 12.06378)",1.0893180791153723,1.4675656817076922e-11,34.485854956043596,4.436552715791846,22.070146858897118,x,1076.9,777.0,-89.0,15.16777769,x,2.7,1.8,48.7,154.0,72.2,0,x,x,x,"dE6,N","dE6,N",0.002591,,,?,True,False,866,"825, 901",94pm18,2.23E13 pm 5.05E12,23.0pm 4.0,Lya,center is 863 : VIRIAL VS CUSTOM RESULT MISMATCH
MS1228.6+1219,866,NGC4429,71,"('187.804583333', '12.0519444444')","(186.86045, 11.10771)",0.026191189625807156,0.03310317893041919,203.61616373963315,210.62256289391217,385.2508324163549,x,1215.8,916.0,50.0,16.7,x,35.4,12.0,70.1,97.0,52.6,NGC4429,.LAR+..,62.8,99.0,SA(r)0+;LINER  HII,SA(r)0+;LINER  HII,0.003055,,,?,False,True,866,"825, 901",94pm18,2.23E13 pm 5.05E12,23.0pm 4.0,Lya,center is 863 : VIRIAL VS CUSTOM RESULT MISMATCH
MS1228.6+1219,1046,UGC07654,72,"('187.804583333', '12.0519444444')","(187.70593, 12.39112)",0.28824974165944867,0.29997368469929236,214.209256204069,235.17300227704712,103.63172765417914,x,1606.9,1307.0,261.0,16.839,x,38.1,32.8,30.7,153.0,11.1,NGC4486,.E+0+P.,37.4,-99,E+0-1 pec;NLRG Sy,E+0-1 pec;NLRG Sy,0.00436,,,?,False,True,1046,"994, 1108",167pm19,4.24E13 pm 5.94E12,33.6pm 3.1,Lya,center is 1051 : VIRIAL AND CUSTOM INCLUDE MISMATCH
MS1228.6+1219,1286,UGC07654,59,"('187.804583333', '12.0519444444')","(187.70593, 12.39112)",1.5652913674205549,1.6289562530393555,214.209256204069,235.17300227704712,103.63172765417914,x,1606.9,1307.0,21.0,16.839,x,38.1,32.8,30.7,153.0,11.1,NGC4486,.E+0+P.,37.4,-99,E+0-1 pec;NLRG Sy,E+0-1 pec;NLRG Sy,0.00436,,,?,False,True,1286,"1191, 1365",522pm16,2.01E14 pm 1.51E13,57.3pm 1.4,Lya,center is 1278 : VIRIAL AND CUSTOM INCLUDE MISMATCH
MS1228.6+1219,3956.0,x,0,"('187.8045833', '12.05194444')","('x', 'x')",-99,-99,-99,-99,x,x,x,x,x,x,,x,x,x,x,x,x,x,x,x,x,x,x,,,False,False,False,3956,"3942, 3996",44pm11,9.23E12 pm 2.42E12,22.6pm 3.1,Lya,center is 3969 : NO GALAXIES
MS1228.6+1219,7337.0,x,0,"('187.8045833', '12.05194444')","('x', 'x')",-99,-99,-99,-99,x,x,x,x,x,x,,x,x,x,x,x,x,x,x,x,x,x,x,,,False,False,False,7337,"7231, 7429",647pm11,2.85E14 pm 1.55E13,66.4pm 1.2,Lya,center is 7330 : NO GALAXIES
MS1228.6+1219,7811,IC3440,1,"('187.804583333', '12.0519444444')","(187.77149, 12.02986)",1.426358114792423,0.9388998541405909,138.25869232048996,90.7877084191467,77.84317478200727,x,8081.9,7782.0,-29.0,113.8298616,x,20.2,16.6,34.9,82.0,26.3,0,x,x,x,S,S,0.025957,,,?,True,True,7811,"7701, 7905",511pm14,1.87E14 pm 1.08E13,59.0pm 1.7,Lya,center is 7803 : ONLY 1 GALAXY
MS1228.6+1219,9040.0,x,0,"('187.8045833', '12.05194444')","('x', 'x')",-99,-99,-99,-99,x,x,x,x,x,x,,x,x,x,x,x,x,x,x,x,x,x,x,,,False,False,False,9040,"8996, 9090",64pm13,1.32E13 pm 2.92E12,34.8pm 1.9,Lya,center is 9043 : NO GALAXIES
SDSSJ135726.27+043541.4,1124,NGC5364,20,"('209.359166667', '4.59472222222')","(209.05, 5.01447)",0.6674295409760815,0.7405090243435456,210.7048966796093,226.88950614781638,183.11257268898615,x,1516.4,1241.0,117.0,20.15,x,37.2,21.2,55.2,48.0,84.3,NGC5364,.SAT4P.,49.8,30.0,SA(rs)bc pec   HII,SA(rs)bc pec   HII,0.00414,,,?,True,True,1124,"1095, 1161",85pm11,1.95E13 pm 2.93E12,23.0pm 2.3,Lya,center is 1128
SDSSJ135726.27+043541.4,1296,NGC5364,18,"('209.359166667', '4.59472222222')","(209.05, 5.01447)",0.8713413693263299,0.9667479601313193,210.7048966796093,226.88950614781638,183.11257268898615,x,1516.4,1241.0,-55.0,20.15,x,37.2,21.2,55.2,48.0,84.3,NGC5364,.SAT4P.,49.8,30.0,SA(rs)bc pec   HII,SA(rs)bc pec   HII,0.00414,,,?,True,True,1296,"1264, 1324",98pm9,2.37E13 pm 2.75E12,21.1pm 1.4,Lya,center is 1294
SDSSJ135726.27+043541.4,2586.0,x,0,"('209.35917', '4.59472')","('x', 'x')",-99,-99,-99,-99,x,x,x,x,x,x,,x,x,x,x,x,x,x,x,x,x,x,x,,,False,False,False,2586,"2552, 2624",60pm9,1.24E13 pm 2.17E12,27.4pm 3.2,Lya,center 2588 : NO GALAXIES
SDSSJ135726.27+043541.4,4540.0,x,0,"('209.35917', '4.59472')","('x', 'x')",-99,-99,-99,-99,x,x,x,x,x,x,,x,x,x,x,x,x,x,x,x,x,x,x,,,False,False,False,4540,"4507, 4555",34pm7,7.07E12 pm 1.57E12,14.9pm 2.4,Lya,"center 4531, weak : NO GALAXIES"
SDSSJ135726.27+043541.4,6308.0,x,0,"('209.35917', '4.59472')","('x', 'x')",-99,-99,-99,-99,x,x,x,x,x,x,,x,x,x,x,x,x,x,x,x,x,x,x,,,False,False,False,6308,"6268, 6340",64pm8,1.37E13 pm 1.97E12,24.6pm 4.9,Lya,center is 6304 : NO GALAXIES
SDSSJ135726.27+043541.4,8804.0,x,0,"('209.35917', '4.59472')","('x', 'x')",-99,-99,-99,-99,x,x,x,x,x,x,,x,x,x,x,x,x,x,x,x,x,x,x,,,False,False,False,8804,"8764, 8846",84pm8,1.82E13 pm 2.07E12,28.1pm 2.1,Lya,center is 8805 : NO GALAXIES
RX_J2139.7+0246,4083,UGC11785,1,"('324.934166667', '2.76805555556')","(324.8615, 2.82711)",1.5068051423367026,1.5310619825343021,202.82170899398656,208.8401493966139,107.5396144526569,x,3860.0,4074.0,-9.0,65.85,x,35.2,6.3,79.6,60.0,69.1,UGC11785,.S..6?/,82.6,61.0,Sd,Sd,0.013589,,,?,True,True,4083,"3977, 4123",490pm7,2.38E14 pm 1.28E13,50.1pm 3.1,Lya,center is 4050 : ONLY 1 GALAXY
RX_J2139.7+0246,4181,UGC11785,1,"('324.934166667', '2.76805555556')","(324.8615, 2.82711)",1.1340458193765381,1.1523019080003887,202.82170899398656,208.8401493966139,107.5396144526569,x,3860.0,4074.0,-107.0,65.85,x,35.2,6.3,79.6,60.0,69.1,UGC11785,.S..6?/,82.6,61.0,Sd,Sd,0.013589,,,?,True,True,4181,"4121, 4281",529pm7,2.65E14 pm 1.39E13,54.2pm 3.6,Lya,center is 4201 : ONLY 1 GALAXY
RX_J2139.7+0246,9219.0,x,0,"('324.9341667', '2.768055556')","('x', 'x')",-99,-99,-99,-99,x,x,x,x,x,x,,x,x,x,x,x,x,x,x,x,x,x,x,,,False,False,False,9219,"9163, 9271",106pm10,2.35E13 pm 2.57E12,34.0pm 2.2,Lya,center is 9217 : NO GALAXIES
FBQSJ1431+2442,2241.0,x,0,"('217.8575', '24.70556')","('x', 'x')",-99,-99,-99,-99,x,x,x,x,x,x,,x,x,x,x,x,x,x,x,x,x,x,x,,,False,False,False,2241,"2216, 2286",54pm19,1.11E13 pm 4.36E12,29.0pm 3.9,Lya,center is 2251 : NO GALAXIES
FBQSJ1431+2442,6542,IRASF14291+2443,2,"('217.8575', '24.7055555556')","(217.84593, 24.51172)",0.06416129928131675,0.07442876540987714,202.82170899398656,208.8401493966139,327.86491958203436,x,6870.7,6615.0,73.0,96.77107615,x,35.2,9.9,73.7,x,x,0,x,x,x,2MASS Extended Ver.2,2MASS Extended Ver.2,0.022065,,,?,True,True,6542,"6517, 6573",56pm15,1.19E13 pm 3.71E12,21.3pm 4.1,Lya,center is 6545
FBQSJ1431+2442,6623,IRASF14291+2443,2,"('217.8575', '24.7055555556')","(217.84593, 24.51172)",0.0731875419100468,0.08489944014170896,202.82170899398656,208.8401493966139,327.86491958203436,x,6870.7,6615.0,-8.0,96.77107615,x,35.2,9.9,73.7,x,x,0,x,x,x,2MASS Extended Ver.2,2MASS Extended Ver.2,0.022065,,,?,True,True,6623,"6570, 6698",272pm20,7.89E13 pm 8.95E12,41.7pm 2.6,Lya,center is 6634
LBQS1230-0015,1127,NGC4517,11,"('188.267083333', '-0.526111111111')","(188.18996, 0.11503)",1.4456063573364544,1.4188711386626034,193.17590350324986,187.84981235018572,110.05828545444237,x,1420.4,1128.0,1.0,9.765,x,32.8,4.1,82.7,x,89.9,NGC4517,.SAS6*/,81.5,83.0,SA(s)cd: sp    HII,SA(s)cd: sp    HII,0.003764,,,?,True,True,1127,"1028, 1218",473pm16,1.84E14 pm 1.34E13,51.0pm 2.3,Lya,center is 1123
LBQS1230-0015,2406,SDSSJ123209.67-010543.0,1,"('188.267083333', '-0.526111111111')","(188.04032, -1.09529)",2.1935707884890993e-13,4.5998369869479684e-127,74.22181292925816,23.481226543773214,400.4676106904538,x,2659.0,2368.0,-38.0,37.45045233,x,8.2,2.6,71.3,x,x,0,x,x,x,Irr(f),Irr(f),0.0079,,,?,False,False,2406,"2374, 2446",108pm9,2.55E13 pm 2.78E12,25.2pm 1.7,Lya,center is 2410 : ONLY 1 GALAXY
LBQS1230-0015,4308.0,x,0,"('188.26708', '0.52611')","('x', 'x')",-99,-99,-99,-99,x,x,x,x,x,x,,x,x,x,x,x,x,x,x,x,x,x,x,,,False,False,False,4308,"4260, 4344",38pm11,7.52E12 pm 2.28E12,29.1pm 3.1,Lya,"center is 4302, very weak : NO GALAXIES"
LBQS1230-0015,4678.0,x,0,"('188.26708', '0.52611')","('x', 'x')",-99,-99,-99,-99,x,x,x,x,x,x,,x,x,x,x,x,x,x,x,x,x,x,x,,,False,False,False,4678,"4636, 4704",30pm10,5.82E12 pm 2.05E12,23.5pm 3.0,Lya,"center is 4670, very weak : NO GALAXIES"
LBQS1230-0015,6828,2MASXJ12325963-0041580,1,"('188.267083333', '-0.526111111111')","(188.24852, -0.69954)",2.506835622890383e-08,7.415036446165613e-47,85.11380382023764,31.622776601683793,320.8173381847497,x,7482.5,7191.0,363.0,105.386651,x,10.0,7.4,42.3,120.0,66.1,0,x,x,x,x,x,0.023985,,,?,False,False,6828,"6756, 6890",204pm12,5.17E13 pm 3.82E12,40.7pm 1.9,Lya,center is 6823 : ONLY 1 GALAXY
RX_J1017.5+4702,629,NGC3198,5,"('154.37875', '47.0402777778')","(154.97897, 45.54962)",0.019565549866246368,0.014085314163480593,191.1391896316383,183.57087731990603,377.71565187511794,x,884.9,663.0,34.0,13.987,x,32.3,11.3,69.5,40.0,55.3,NGC3198,.SBT5..,67.1,35.0,SB(rs)c,SB(rs)c,0.002212,,,?,True,True,629,"584, 662",60pm17,1.24E13 pm 3.81E12,27.9pm 2.9,Lya,center is 623
RX_J1117.6+5301,685,UGC06446,6,"('169.41875', '53.0305555556')","(171.66858, 53.74668)",1.165420717704038e-07,7.919886820510737e-31,105.76383533587814,50.708510133901584,422.0359842905116,x,865.1,644.0,-41.0,15.9,x,13.7,8.9,49.5,10.0,52.1,UGC6446,.SA.7..,49.8,10.0,SAd,SAd,0.002149,,,?,False,False,685,"593, 765",318pm26,9.54E13 pm 1.14E13,47.5pm 3.1,Lya,center is 679 : VIRIAL AND CUSTOM INCLUDE MISMATCH
RX_J1117.6+5301,1131,NGC3631,8,"('169.41875', '53.0305555556')","(170.26198, 53.16957)",0.32284276282660557,0.2777465289563813,187.4482788872704,175.95210712009106,197.93019405686502,x,1377.8,1156.0,25.0,21.6,x,31.4,30.2,16.3,x,x,NGC3631,.SAS5..,17.3,-99,SA(s)c,SA(s)c,0.003856,,,?,True,True,1131,"1050, 1216",356pm20,1.19E14 pm 1.14E13,44.6pm 2.4,Lya,center is 1133
RX_J1117.6+5301,1259,NGC3631,7,"('169.41875', '53.0305555556')","(170.26198, 53.16957)",0.2515307886939935,0.21639575523933768,187.4482788872704,175.95210712009106,197.93019405686502,x,1377.8,1156.0,-103.0,21.6,x,31.4,30.2,16.3,x,x,NGC3631,.SAS5..,17.3,-99,SA(s)c,SA(s)c,0.003856,,,?,True,True,1259,"1218, 1298",57pm17,1.18E13 pm 3.87E12,25.4pm 4.6,Lya,center is 1258
RX_J1117.6+5301,2374.0,x,0,"('169.41875', '53.03055556')","('x', 'x')",-99,-99,-99,-99,x,x,x,x,x,x,,x,x,x,x,x,x,x,x,x,x,x,x,,,False,False,False,2374,"2324, 2432",186pm16,4.78E13 pm 5.28E12,34.7pm 1.9,Lya,center is 2378 : NO GALAXIES
RX_J1117.6+5301,2874,CGCG267-053,2,"('169.41875', '53.0305555556')","(168.46024, 53.08642)",5.739704438037835e-12,1.385571008755634e-79,86.28476458147732,32.57618762224947,438.9646842543577,x,3085.4,2865.0,-9.0,43.4562461,x,10.2,3.5,70.1,60.0,35.5,0,x,x,x,x,x,0.009557,,,?,False,False,2874,"2816, 2936",108pm18,2.31E13 pm 4.27E12,45.5pm 3.4,Lya,center is 2876 : VIRIAL AND CUSTOM INCLUDE MISMATCH
RX_J1117.6+5301,5798.0,x,0,"('169.41875', '53.03055556')","('x', 'x')",-99,-99,-99,-99,x,x,x,x,x,x,,x,x,x,x,x,x,x,x,x,x,x,x,,,False,False,False,5798,"5717, 5855",212pm16,5.93E13 pm 5.91E12,38.8pm 2.5,Lya,center is 5786 : NO GALAXIES
RX_J1117.6+5301,7957.0,x,0,"('169.41875', '53.03055556')","('x', 'x')",-99,-99,-99,-99,x,x,x,x,x,x,,x,x,x,x,x,x,x,x,x,x,x,x,,,False,False,False,7957,"7904, 8006",91pm15,1.92E13 pm 3.65E12,35.8pm 3.0,Lya,center is 7955 : NO GALAXIES
SDSSJ112224.10+031802.0,1049,NGC3640,8,"('170.600416667', '3.30055555556')","(170.27854, 3.23483)",0.3977188274934965,0.3429793333708343,179.96633842111865,161.04141082342767,138.82594101411507,x,1534.7,1251.0,202.0,24.25,x,29.6,23.7,36.9,100.0,21.6,NGC3640,.E.3...,37.4,100.0,E3,E3,0.004173,,,?,False,True,1049,"977, 1111",288pm30,8.30E13 pm 1.38E13,40.9pm 2.5,Lya,center is 1044 : VIRIAL AND CUSTOM INCLUDE MISMATCH
SDSSJ112224.10+031802.0,1264,NGC3640,14,"('170.600416667', '3.30055555556')","(170.27854, 3.23483)",1.0984114647015557,0.9472330850024483,179.96633842111865,161.04141082342767,138.82594101411507,x,1534.7,1251.0,-13.0,24.25,x,29.6,23.7,36.9,100.0,21.6,NGC3640,.E.3...,37.4,100.0,E3,E3,0.004173,,,?,True,True,1264,"1180, 1360",424pm27,1.35E14 pm 1.54E13,54.7pm 2.4,Lya,center is 1270
SDSSJ112224.10+031802.0,8872,2MASXJ11223041+0315459,1,"('170.600416667', '3.30055555556')","(170.62667, 3.26275)",0.8994491957968195,0.09495200058169237,121.74843978037151,68.8595091472485,104.13014506317761,x,9208.2,8924.0,52.0,129.6930657,x,16.8,9.4,55.9,135.0,10.3,0,x,x,x,x,x,0.029767,,,?,True,True,8872,"8770, 8964",435pm17,1.41E14 pm 9.34E12,56.6pm 1.9,Lya,center is 8867 : ONLY 1 GALAXY
SDSSJ112224.10+031802.0,9890.0,x,0,"('170.60042', '3.30056')","('x', 'x')",-99,-99,-99,-99,x,x,x,x,x,x,,x,x,x,x,x,x,x,x,x,x,x,x,,,False,False,False,9890,"9822, 9960",56pm19,1.10E13 pm 3.89E12,55.9pm 2.6,Lya,"center is 9891, weak : NO GALAXIES"
RX_J1544.5+2827,2111,IC4582,1,"('236.127083333', '28.4655555556')","(236.41436, 28.08866)",0.0009417477307738747,6.014591254455731e-16,99.28140372874765,44.19417382415922,261.5245010299829,x,2343.7,2145.0,34.0,33.00973985,x,12.5,2.9,76.7,x,x,0,x,x,x,S?,S?,0.007155,,,?,False,False,2111,"2058, 2152",75pm18,1.63E13 pm 4.19E12,31.9pm 3.6,Lya,center is 2105 : ONLY 1 GALAXY
RX_J1544.5+2827,9642,CGCG166-047,2,"('236.127083333', '28.4655555556')","(235.98894, 28.52408)",0.031360387819953386,0.010080136540755614,175.324639025328,152.14836509144618,326.20795653581786,x,9845.9,9646.0,4.0,138.6747465,x,28.5,21.1,42.3,55.0,60.7,0,x,x,x,SBa            Sy2,SBa            Sy2,0.032176,,,?,True,True,9642,"9577, 9695",183pm14,4.81E13 pm 4.50E12,33.8pm 2.4,Lya,center is 9636
RX_J1544.5+2827,9759,CGCG166-047,2,"('236.127083333', '28.4655555556')","(235.98894, 28.52408)",0.02279908861450528,0.007328287123183336,175.324639025328,152.14836509144618,326.20795653581786,x,9845.9,9646.0,-113.0,138.6747465,x,28.5,21.1,42.3,55.0,60.7,0,x,x,x,SBa            Sy2,SBa            Sy2,0.032176,,,?,True,False,9759,"9702, 9794",169pm12,4.32E13 pm 3.99E12,32.4pm 2.0,Lya,center is 9748 : VIRIAL AND CUSTOM INCLUDE MISMATCH
RX_J2043.1+0324,1402,UMaDwarf,1,"('310.775833333', '3.41388888889')","(158.72, 51.92)",-99,-99,-99,-99,211.18546044104335,x,1313.0,1101.0,-301.0,0.101,x,x,x,x,x,x,0,x,x,x,dSph,dSph,0.003673,,,?,False,False,1402,"1379, 1421",30pm13,6.07E12 pm 2.80E12,16.2pm 2.5,Lya,"center is 1400, very weak : ONLY 1 GALAXY"
RX_J2043.1+0324,3287.0,x,0,"('310.7758333', '3.413888889')","('x', 'x')",-99,-99,-99,-99,x,x,x,x,x,x,,x,x,x,x,x,x,x,x,x,x,x,x,,,False,False,False,3287,"3211, 3347",91pm14,1.85E13 pm 3.00E12,49.8pm 3.2,Lya,center is 3279 : NO GALAXIES
RX_J2043.1+0324,4080,NGC6954,1,"('310.775833333', '3.41388888889')","(311.01325, 3.20944)",0.037317421354803544,0.006935446338978777,165.87061941471111,134.87567238015907,300.5907896328535,x,3906.5,4067.0,-13.0,55.0217401,x,26.3,15.3,54.5,65.0,65.8,NGC6954,.LA.+?.,51.9,68.0,SA0+?,SA0+?,0.013566,,,?,True,False,4080,"4033, 4127",82pm10,1.73E13 pm 2.44E12,33.5pm 1.8,Lya,center is 4080 : ONLY 1 GALAXY
RX_J2043.1+0324,7448.0,x,0,"('310.7758333', '3.413888889')","('x', 'x')",-99,-99,-99,-99,x,x,x,x,x,x,,x,x,x,x,x,x,x,x,x,x,x,x,,,False,False,False,7448,"7400, 7492",99pm9,2.24E13 pm 2.37E12,27.5pm 2.9,Lya,center is 7446 : NO GALAXIES
RX_J2043.1+0324,8061.0,x,0,"('310.7758333', '3.413888889')","('x', 'x')",-99,-99,-99,-99,x,x,x,x,x,x,,x,x,x,x,x,x,x,x,x,x,x,x,,,False,False,False,8061,"7996, 8144",167pm12,3.80E13 pm 3.03E12,45.7pm 2.2,Lya,center is 8070 : NO GALAXIES
MRK876,939,NGC6140,3,"('243.488333333', '65.7194444444')","(245.24233, 65.39056)",0.006028252489806067,1.0814511801371518e-08,114.65402285339253,60.43396396067364,258.6782055889255,x,1034.7,910.0,-29.0,18.6,x,15.4,8.1,58.0,60.0,54.5,NGC6140,.SBS6P.,43.6,95.0,SB(s)cd pec,SB(s)cd pec,0.003035,,,?,False,False,939,"830, 1030",366pm4,1.01E14 pm 1.38E12,57.4pm 1.7,"Lya, d:Lya",center is 930 : VIRIAL AND CUSTOM INCLUDE MISMATCH
MRK876,3478,UGC10294,1,"('243.488333333', '65.7194444444')","(243.34246, 65.41842)",0.06314773445732677,0.015074327536612198,165.435188648229,134.10715118889073,274.11259420761036,x,3632.1,3504.0,26.0,51.15615908,x,26.2,17.0,49.5,4.0,7.3,0,x,x,x,Sm?,Sm?,0.011688,,,?,True,True,3478,"3322, 3588",280pm3,7.92E13 pm 9.77E11,52.3pm 2.7,"Lya, d:Lya",center is 3455 : ONLY 1 GALAXY
MRK876,4508.0,x,0,"('243.48833', '65.71944')","('x', 'x')",-99,-99,-99,-99,x,x,x,x,x,x,,x,x,x,x,x,x,x,x,x,x,x,x,,,False,False,False,4508,"4469, 4525",16pm2,3.00E12 pm 3.33E11,21.3pm 1.2,d:Lya,"center is 4497, weak : NO GALAXIES"
MRK876,5036.0,x,0,"('243.48833', '65.71944')","('x', 'x')",-99,-99,-99,-99,x,x,x,x,x,x,,x,x,x,x,x,x,x,x,x,x,x,x,,,False,False,False,5036,"5021, 5057",10pm1,1.84E12 pm 2.67E11,14.4pm 0.7,d:Lya,"center is 5039, weak : NO GALAXIES"
MRK876,6037.0,x,0,"('243.48833', '65.71944')","('x', 'x')",-99,-99,-99,-99,x,x,x,x,x,x,,x,x,x,x,x,x,x,x,x,x,x,x,,,False,False,False,6037,"5994, 6096",88pm2,1.91E13 pm 4.89E11,29.2pm 2.7,Lya,center is 6045 : NO GALAXIES
MRK876,7005.0,x,0,"('243.48833', '65.71944')","('x', 'x')",-99,-99,-99,-99,x,x,x,x,x,x,,x,x,x,x,x,x,x,x,x,x,x,x,,,False,False,False,7005,"6962, 7060",26pm2,4.89E12 pm 4.30E11,36.6pm 1.9,"Lya, d:Lya",center is 7011 : NO GALAXIES
MRK876,9895.0,x,0,"('243.48833', '65.71944')","('x', 'x')",-99,-99,-99,-99,x,x,x,x,x,x,,x,x,x,x,x,x,x,x,x,x,x,x,,,False,False,False,9895,"9877, 9925",13pm2,2.38E12 pm 3.03E11,18.5pm 1.6,Lya,"center is 9901, weak : NO GALAXIES"
PG0832+251,2183,SDSSJ083335.65+250847.1,1,"('128.899583333', '24.9947222222')","(128.39854, 25.14642)",1.5426018015813201e-15,0.0,48.303916703970344,9.229517863897335,281.8747977833977,x,2396.3,2229.0,46.0,33.75041806,x,4.4,2.4,56.6,109.0,0.5,0,x,x,x,x,x,0.007436,,,?,False,False,2183,"2117, 2233",220pm12,6.35E13 pm 4.98E12,33.5pm 2.5,Lya,center is 2175 : ONLY 1 GALAXY
PG0832+251,3536.0,x,0,"('128.89958', '24.99472')","('x', 'x')",-99,-99,-99,-99,x,x,x,x,x,x,,x,x,x,x,x,x,x,x,x,x,x,x,,,False,False,False,3536,"3442, 3672",115pm18,2.29E13 pm 3.88E12,86.6pm 3.2,Lya,center is 3557 : NO GALAXIES
PG0832+251,5233,SDSSJ083537.08+250015.0,3,"('128.899583333', '24.9947222222')","(128.9045, 25.00417)",1.937861174867193,1.8095472921194937,102.00487150136152,46.87216658103186,13.813020041747198,x,5379.3,5210.0,-23.0,75.76446817,x,13.0,4.3,70.7,99.0,73.7,0,x,x,x,x,x,0.017379,,,?,False,False,5233,"4940, 5266",796pm15,4.08E14 pm 1.94E13,84.7pm 4.6,Lya,"center is 5103, DLA : VIRIAL AND CUSTOM INCLUDE MISMATCH"
PG0832+251,5336,NGC2611,3,"('128.899583333', '24.9947222222')","(128.87154, 25.0275)",1.4955452649708485,1.3422746292718586,153.023785599399,113.19409878611162,55.312608939134996,x,5425.1,5256.0,-80.0,76.4105091,x,23.4,8.9,67.7,50.0,87.8,0,x,x,x,SB:(rs)a,SB:(rs)a,0.017532,,,?,False,False,5336,"5266, 5390",512pm4,3.07E14 pm 1.75E13,51.6pm 2.1,Lya,"center is 5328, DLA : VIRIAL AND CUSTOM INCLUDE MISMATCH"
PG0832+251,5426,NGC2611,3,"('128.899583333', '24.9947222222')","(128.87154, 25.0275)",0.8521360055880468,0.764805029831172,153.023785599399,113.19409878611162,55.312608939134996,x,5425.1,5256.0,-170.0,76.4105091,x,23.4,8.9,67.7,50.0,87.8,0,x,x,x,SB:(rs)a,SB:(rs)a,0.017532,,,?,False,False,5426,"5390, 5552",511pm8,2.62E14 pm 1.49E13,52.3pm 3.5,Lya,"center is 5471, DLA : VIRIAL AND CUSTOM INCLUDE MISMATCH"
PG0832+251,6980,KUG0833+252,1,"('128.899583333', '24.9947222222')","(129.03088, 25.11269)",0.0410389576409587,0.007323711488629458,164.5627779941703,132.5745073534124,293.77260574879375,x,7133.8,6964.0,-16.0,100.4755207,x,26.0,13.0,60.0,170.0,55.2,0,x,x,x,Spiral,Spiral,0.023229,,,?,True,False,6980,"6896, 7058",133pm14,2.78E13 pm 3.14E12,58.7pm 2.0,Lya,center is 6977 : ONLY 1 GALAXY
PG0832+251,7201,KUG0833+252,1,"('128.899583333', '24.9947222222')","(129.03088, 25.11269)",0.010142117491237543,0.0018099373536591362,164.5627779941703,132.5745073534124,293.77260574879375,x,7133.8,6964.0,-237.0,100.4755207,x,26.0,13.0,60.0,170.0,55.2,0,x,x,x,Spiral,Spiral,0.023229,,,?,True,False,7201,"7160, 7254",48pm10,9.58E12 pm 2.19E12,32.1pm 3.1,Lya,center is 7207 : ONLY 1 GALAXY
PG0832+251,7719.0,x,0,"('128.89958', '24.99472')","('x', 'x')",-99,-99,-99,-99,x,x,x,x,x,x,,x,x,x,x,x,x,x,x,x,x,x,x,,,False,False,False,7719,"7658, 7750",62pm10,1.26E13 pm 2.21E12,35.4pm 2.0,Lya,center is 7704 : NO GALAXIES
PG0832+251,7921.0,x,0,"('128.89958', '24.99472')","('x', 'x')",-99,-99,-99,-99,x,x,x,x,x,x,,x,x,x,x,x,x,x,x,x,x,x,x,,,False,False,False,7921,"7850, 7958",70pm11,1.43E13 pm 2.39E12,38.4pm 2.1,Lya,center is 7904 : NO GALAXIES
PG0832+251,8335.0,x,0,"('128.89958', '24.99472')","('x', 'x')",-99,-99,-99,-99,x,x,x,x,x,x,,x,x,x,x,x,x,x,x,x,x,x,x,,,False,False,False,8335,"8292, 8350",54pm8,1.15E13 pm 1.81E12,20.8pm 4.1,Lya,center is 8321 : NO GALAXIES
PG0832+251,8421.0,x,0,"('128.89958', '24.99472')","('x', 'x')",-99,-99,-99,-99,x,x,x,x,x,x,,x,x,x,x,x,x,x,x,x,x,x,x,,,False,False,False,8421,"8350, 8494",320pm9,1.08E14 pm 5.46E12,40.4pm 2.6,Lya,center is 8422 : NO GALAXIES
PG1001+054,640,UGC05373,6,"('151.08375', '5.21694444444')","(150.00042, 5.33222)",0.015085629912410192,1.9164737349342384e-62,27.060759693886542,2.618969262897142,30.90159432492483,x,539.4,300.0,-340.0,1.632,x,1.9,1.3,46.4,110.0,13.9,SextansB,.IBS9..,46.2,110.0,ImIV-V,ImIV-V,0.001002,,,?,True,False,640,"611, 669",38pm15,7.85E12 pm 3.33E12,20.2pm 3.7,Lya,"center is 640, very weak : VIRIAL AND CUSTOM INCLUDE MISMATCH"
PG1001+054,1306,SDSSJ100724.06+051931.1,4,"('151.08375', '5.21694444444')","(151.85025, 5.32531)",2.0878058250032087e-40,0.0,37.08631354819165,5.196152422706632,350.189987697735,x,1847.9,1603.0,297.0,26.02682104,x,3.0,2.1,47.2,81.0,0.9,0,x,x,x,x,x,0.005347,,,?,False,False,1306,"1258, 1374",67pm15,1.34E13 pm 3.27E12,45.1pm 2.5,Lya,center is 1316 : VIRIAL AND CUSTOM INCLUDE MISMATCH
PG1001+054,2425.0,x,0,"('151.08375', '5.21694')","('x', 'x')",-99,-99,-99,-99,x,x,x,x,x,x,,x,x,x,x,x,x,x,x,x,x,x,x,,,False,False,False,2425,"2346, 2516",335pm11,1.14E14 pm 5.93E12,40.8pm 2.9,Lya,center is 2431 : NO GALAXIES
PG1001+054,4092,UGC05432,4,"('151.08375', '5.21694444444')","(151.22461, 5.06264)",0.13576565531501966,0.05060794185814023,163.688284470084,131.04774702374704,217.2557343282668,x,4237.9,3995.0,-97.0,59.68819618,x,25.8,21.2,34.9,60.0,77.7,0,x,x,x,E:,E:,0.013326,,,?,True,True,4092,"4020, 4174",222pm10,5.41E13 pm 2.85E12,46.9pm 2.1,Lya,center is 4097
PG1001+054,6840.0,x,0,"('151.08375', '5.21694')","('x', 'x')",-99,-99,-99,-99,x,x,x,x,x,x,,x,x,x,x,x,x,x,x,x,x,x,x,,,False,False,False,6840,"6746, 6916",202pm10,4.72E13 pm 2.67E12,52.3pm 2.5,Lya,center is 6831 : NO GALAXIES
SBS0957+599,2198.0,x,0,"('150.26083', '59.7375')","('x', 'x')",-99,-99,-99,-99,x,x,x,x,x,x,,x,x,x,x,x,x,x,x,x,x,x,x,,,False,False,False,2198,"2123, 2257",146pm15,3.40E13 pm 3.85E12,38.1pm 3.6,Lya,center is 2190 : NO GALAXIES
SBS0957+599,2870,NGC3102,3,"('150.260833333', '59.7375')","(151.13235, 60.10796)",9.231323603794707e-09,4.5127010063521327e-32,108.938619092996,54.07593734740065,456.3740073480999,x,3241.6,3065.0,195.0,45.65661678,x,14.3,12.3,30.7,110.0,60.1,NGC3102,.L..-*.,0.0,-99,S0-:,S0-:,0.010224,,,?,False,False,2870,"2800, 2954",246pm15,6.67E13 pm 4.95E12,43.2pm 2.7,Lya,center is 2877 : VIRIAL AND CUSTOM INCLUDE MISMATCH
SBS0957+599,3066,NGC3102,4,"('150.260833333', '59.7375')","(151.13235, 60.10796)",2.38838486215422e-08,1.1675537803234442e-31,108.938619092996,54.07593734740065,456.3740073480999,x,3241.6,3065.0,-1.0,45.65661678,x,14.3,12.3,30.7,110.0,60.1,NGC3102,.L..-*.,0.0,-99,S0-:,S0-:,0.010224,,,?,False,False,3066,"2997, 3139",203pm14,4.85E13 pm 4.21E12,46.9pm 2.0,Lya,center is 3068 : VIRIAL AND CUSTOM INCLUDE MISMATCH
SBS0957+599,3273,NGC3102,3,"('150.260833333', '59.7375')","(151.13235, 60.10796)",8.098083595963566e-09,3.958720500059851e-32,108.938619092996,54.07593734740065,456.3740073480999,x,3241.6,3065.0,-208.0,45.65661678,x,14.3,12.3,30.7,110.0,60.1,NGC3102,.L..-*.,0.0,-99,S0-:,S0-:,0.010224,,,?,False,False,3273,"3186, 3356",289pm15,8.75E13 pm 6.04E12,42.3pm 3.7,Lya,center is 3271 : VIRIAL AND CUSTOM INCLUDE MISMATCH
SBS0957+599,7232.0,x,0,"('150.26083', '59.7375')","('x', 'x')",-99,-99,-99,-99,x,x,x,x,x,x,,x,x,x,x,x,x,x,x,x,x,x,x,,,False,False,False,7232,7200 7274,50pm11,1.02E13 pm 2.47E12,26.2pm 2.5,Lya,center is 7237 : NO GALAXIES
SBS0957+599,9469,MCG+10-14-058,2,"('150.260833333', '59.7375')","(150.2715, 59.824)",1.045768855316707,1.4096236014651269,261.24378146106494,362.07252312209494,206.16667033801687,x,9677.2,9501.0,32.0,136.2981995,x,50.8,16.3,71.3,165.0,18.6,0,x,x,x,x,x,0.031692,,,?,True,True,9469,"9428, 9518",78pm12,1.64E13 pm 2.88E12,31.2pm 4.0,Lya,center is 9473
RX_J1356.4+2515,4762.0,x,0,"('209.10667', '25.25639')","('x', 'x')",-99,-99,-99,-99,x,x,x,x,x,x,,x,x,x,x,x,x,x,x,x,x,x,x,,,False,False,False,4762,"4662, 4874",127pm25,2.66E13 pm 5.43E12,72.5pm 5.1,Lya,center is 4768 : NO GALAXIES
RX_J1356.4+2515,5291.0,x,0,"('209.10667', '25.25639')","('x', 'x')",-99,-99,-99,-99,x,x,x,x,x,x,,x,x,x,x,x,x,x,x,x,x,x,x,,,False,False,False,5291,"5226, 5346",94pm18,2.00E13 pm 4.19E12,39.8pm 2.8,Lya,center is 5286 : NO GALAXIES
RX_J1356.4+2515,7080,UCM1353+2531,1,"('209.106666667', '25.2563888889')","(208.90042, 25.27417)",1.0823588496326187e-09,5.793043803324311e-87,74.22181292925816,23.481226543773214,330.17027727343844,x,7168.6,6895.0,-185.0,100.966372,x,8.2,4.4,57.6,x,x,0,x,x,x,x,x,0.023,,,?,False,False,7080,"7030, 7146",81pm18,1.69E13 pm 4.02E12,41.8pm 3.3,Lya,center is 7088 : ONLY 1 GALAXY
RX_J1356.4+2515,8475,CGCG132-055,3,"('209.106666667', '25.2563888889')","(209.03878, 25.19546)",0.3263108296556051,0.35249561380431765,205.9912274826911,216.0,190.21057139356014,x,8944.4,8671.0,196.0,125.9781177,x,36.0,29.5,34.9,20.0,25.2,0,x,x,x,E/S0,E/S0,0.028923,,,?,True,True,8475,"8402, 8528",126pm18,2.69E13 pm 4.33E12,45.8pm 1.8,Lya,center is 8465
RX_J1356.4+2515,9186,IC4349,4,"('209.106666667', '25.2563888889')","(208.94309, 25.1519)",0.04011607024281327,0.12960847254419106,243.21882151261028,309.9546934634157,424.89940182916024,x,9540.7,9267.0,81.0,134.3754189,x,45.8,22.9,60.0,120.0,65.2,0,x,x,x,x,x,0.030913,,,?,False,True,9186,"9115, 9243",276pm15,9.15E13 pm 8.51E12,36.2pm 2.3,Lya,center is 9179 : VIRIAL AND CUSTOM INCLUDE MISMATCH
RX_J1356.4+2515,9285,SDSSJ135625.02+251244.2,4,"('209.106666667', '25.2563888889')","(209.10426, 25.2123)",0.24953974605099755,0.014169315150696329,115.16721685155426,61.02356102359153,106.12796534189728,x,9780.3,9507.0,222.0,137.7509251,x,15.5,10.1,49.5,1.0,1.8,0,x,x,x,Extended Src [SDSS],Extended Src [SDSS],0.031713,,,?,True,False,9285,"9242, 9318",110pm13,2.52E13 pm 3.74E12,29.2pm 1.5,Lya,center is 9280 : VIRIAL VS CUSTOM RESULT MISMATCH
RX_J1356.4+2515,9285,IC4349,4,"('209.106666667', '25.2563888889')","(208.94309, 25.1519)",0.04688519754311028,0.1514784175447448,243.21882151261028,309.9546934634157,424.89940182916024,x,9540.7,9267.0,-18.0,134.3754189,x,45.8,22.9,60.0,120.0,65.2,0,x,x,x,x,x,0.030913,,,?,False,True,9285,"9242, 9318",110pm13,2.52E13 pm 3.74E12,29.2pm 1.5,Lya,center is 9280 : VIRIAL VS CUSTOM RESULT MISMATCH
SDSSJ091728.60+271951.0,1727,SDSSJ092002.66+282057.4,1,"('139.369166667', '27.3308333333')","(140.01111, 28.3493)",2.0018167307384323e-88,0.0,34.485854956043596,4.436552715791846,488.43392483944194,x,1704.1,1496.0,-231.0,24.00174856,x,2.7,1.7,52.4,115.0,85.8,0,x,x,x,x,x,0.004991,,,?,False,False,1727,"1686, 1782",63pm21,1.28E13 pm 4.68E12,37.7pm 3.0,Lya,center is 1734 : ONLY 1 GALAXY
SDSSJ091728.60+271951.0,2028.0,x,0,"('139.3691667', '27.33083333')","('x', 'x')",-99,-99,-99,-99,x,x,x,x,x,x,,x,x,x,x,x,x,x,x,x,x,x,x,,,False,False,False,2028,"1989, 2069",96pm17,2.18E13 pm 4.59E12,29.1pm 1.8,Lya,center is 2029 : NO GALAXIES
SDSSJ091728.60+271951.0,5920.0,x,0,"('139.3691667', '27.33083333')","('x', 'x')",-99,-99,-99,-99,x,x,x,x,x,x,,x,x,x,x,x,x,x,x,x,x,x,x,,,False,False,False,5920,"5844, 5984",116pm21,2.53E13 pm 4.85E12,43.1pm 4.0,Lya,center is 5914 : NO GALAXIES
SDSSJ091728.60+271951.0,7141,UGC04895,2,"('139.369166667', '27.3308333333')","(139.20608, 27.4896)",0.016575188839281666,0.022251320221247598,204.4092282765912,212.4100185961105,408.01271688027265,x,7279.0,7073.0,-68.0,108.8,x,35.6,18.5,58.7,170.0,32.4,UGC4895,.S..3..,69.7,163.0,Sb,Sb,0.023593,,,?,True,True,7141,"7004, 7230",374pm23,9.27E13 pm 7.33E12,76.5pm 2.4,Lya,center is 7117
SDSSJ091728.60+271951.0,7282,UGC04895,2,"('139.369166667', '27.3308333333')","(139.20608, 27.4896)",0.006243131684650189,0.008381076296961738,204.4092282765912,212.4100185961105,408.01271688027265,x,7279.0,7073.0,-209.0,108.8,x,35.6,18.5,58.7,170.0,32.4,UGC4895,.S..3..,69.7,163.0,Sb,Sb,0.023593,,,?,False,False,7282,"7230, 7346",279pm14,9.48E13 pm 8.91E12,33.7pm 2.6,Lya,center is 7288 : VIRIAL AND CUSTOM INCLUDE MISMATCH
SDSSJ091728.60+271951.0,8102.0,x,0,"('139.3691667', '27.33083333')","('x', 'x')",-99,-99,-99,-99,x,x,x,x,x,x,,x,x,x,x,x,x,x,x,x,x,x,x,,,False,False,False,8102,"8073, 8129",45pm12,9.16E12 pm 2.83E12,21.1pm 1.8,Lya,center is 8101 : NO GALAXIES
SDSSJ091728.60+271951.0,9814.0,x,0,"('139.3691667', '27.33083333')","('x', 'x')",-99,-99,-99,-99,x,x,x,x,x,x,,x,x,x,x,x,x,x,x,x,x,x,x,,,False,False,False,9814,"9762, 9874",95pm17,2.01E13 pm 4.00E12,41.7pm 2.1,Lya,center is 9818 : NO GALAXIES
SDSSJ021218.32-073719.8,4756,SDSSJ021315.79-073942.7,5,"('33.07625', '-7.62222222222')","(33.31582, -7.66188)",0.08973204983425051,0.039895448631505535,174.47477241798433,150.5496164060208,268.1767083762602,x,4531.8,4800.0,44.0,63.82800065,x,28.3,18.1,50.2,109.0,9.5,MCG-1-6-70,PSBT1..,40.7,-99,x,x,0.016011,,,?,True,True,4756,"4624, 4804",528pm15,2.24E14 pm 1.62E13,56.7pm 2.9,f:Lya,center is 4714
SDSSJ021218.32-073719.8,4833,SDSSJ021315.79-073942.7,5,"('33.07625', '-7.62222222222')","(33.31582, -7.66188)",0.09165238579354285,0.040749242395948626,174.47477241798433,150.5496164060208,268.1767083762602,x,4531.8,4800.0,-33.0,63.82800065,x,28.3,18.1,50.2,109.0,9.5,MCG-1-6-70,PSBT1..,40.7,-99,x,x,0.016011,,,?,False,True,4833,"4804, 4994",500pm17,2.03E14 pm 1.53E13,58.3pm 2.9,f:Lya,center is 4899 : VIRIAL AND CUSTOM INCLUDE MISMATCH
SDSSJ021218.32-073719.8,5272,SDSSJ021213.91-073501.1,3,"('33.07625', '-7.62222222222')","(33.05798, -7.58364)",1.3923786970316938,0.10028462208842244,88.60557475208483,34.51109966373138,52.15765507156982,x,4978.3,5247.0,-25.0,70.1162188,x,10.6,9.5,25.8,155.0,0.1,0,x,x,x,x,x,0.017501,,,?,True,True,5272,"5216, 5330",123pm17,2.80E13 pm 4.43E12,36.2pm 3.4,f:Lya,center is 5273
